f_score,recall,accuracy,model,precision,mets,prompt,img,shots,ent_met_organization0_promptTrue,acc_met_organization0_promptTrue,ent_acc_met_organization0_promptTrue,ent_met_organization1_promptTrue,acc_met_organization1_promptTrue,ent_acc_met_organization1_promptTrue,ent_met_organization2_promptTrue,acc_met_organization2_promptTrue,ent_acc_met_organization2_promptTrue,ent_met_organization3_promptTrue,acc_met_organization3_promptTrue,ent_acc_met_organization3_promptTrue,ent_met_organization4_promptTrue,acc_met_organization4_promptTrue,ent_acc_met_organization4_promptTrue,ent_met_organization5_promptTrue,acc_met_organization5_promptTrue,ent_acc_met_organization5_promptTrue,ent_met_organization6_promptTrue,acc_met_organization6_promptTrue,ent_acc_met_organization6_promptTrue,ent_met_organization7_promptTrue,acc_met_organization7_promptTrue,ent_acc_met_organization7_promptTrue,ent_met_organization8_promptTrue,acc_met_organization8_promptTrue,ent_acc_met_organization8_promptTrue,ent_met_organization0_promptFalse,acc_met_organization0_promptFalse,ent_acc_met_organization0_promptFalse,ent_met_organization1_promptFalse,acc_met_organization1_promptFalse,ent_acc_met_organization1_promptFalse,ent_met_organization2_promptFalse,acc_met_organization2_promptFalse,ent_acc_met_organization2_promptFalse,ent_met_organization3_promptFalse,acc_met_organization3_promptFalse,ent_acc_met_organization3_promptFalse,ent_met_organization4_promptFalse,acc_met_organization4_promptFalse,ent_acc_met_organization4_promptFalse,ent_met_organization5_promptFalse,acc_met_organization5_promptFalse,ent_acc_met_organization5_promptFalse,ent_met_organization6_promptFalse,acc_met_organization6_promptFalse,ent_acc_met_organization6_promptFalse,ent_met_organization7_promptFalse,acc_met_organization7_promptFalse,ent_acc_met_organization7_promptFalse,ent_met_organization8_promptFalse,acc_met_organization8_promptFalse,ent_acc_met_organization8_promptFalse,ent_met_location0_promptTrue,acc_met_location0_promptTrue,ent_acc_met_location0_promptTrue,ent_met_location1_promptTrue,acc_met_location1_promptTrue,ent_acc_met_location1_promptTrue,ent_met_location2_promptTrue,acc_met_location2_promptTrue,ent_acc_met_location2_promptTrue,ent_met_location3_promptTrue,acc_met_location3_promptTrue,ent_acc_met_location3_promptTrue,ent_met_location4_promptTrue,acc_met_location4_promptTrue,ent_acc_met_location4_promptTrue,ent_met_location5_promptTrue,acc_met_location5_promptTrue,ent_acc_met_location5_promptTrue,ent_met_location6_promptTrue,acc_met_location6_promptTrue,ent_acc_met_location6_promptTrue,ent_met_location7_promptTrue,acc_met_location7_promptTrue,ent_acc_met_location7_promptTrue,ent_met_location8_promptTrue,acc_met_location8_promptTrue,ent_acc_met_location8_promptTrue,ent_met_location0_promptFalse,acc_met_location0_promptFalse,ent_acc_met_location0_promptFalse,ent_met_location1_promptFalse,acc_met_location1_promptFalse,ent_acc_met_location1_promptFalse,ent_met_location2_promptFalse,acc_met_location2_promptFalse,ent_acc_met_location2_promptFalse,ent_met_location3_promptFalse,acc_met_location3_promptFalse,ent_acc_met_location3_promptFalse,ent_met_location4_promptFalse,acc_met_location4_promptFalse,ent_acc_met_location4_promptFalse,ent_met_location5_promptFalse,acc_met_location5_promptFalse,ent_acc_met_location5_promptFalse,ent_met_location6_promptFalse,acc_met_location6_promptFalse,ent_acc_met_location6_promptFalse,ent_met_location7_promptFalse,acc_met_location7_promptFalse,ent_acc_met_location7_promptFalse,ent_met_location8_promptFalse,acc_met_location8_promptFalse,ent_acc_met_location8_promptFalse,ent_met_person0_promptTrue,acc_met_person0_promptTrue,ent_acc_met_person0_promptTrue,ent_met_person1_promptTrue,acc_met_person1_promptTrue,ent_acc_met_person1_promptTrue,ent_met_person2_promptTrue,acc_met_person2_promptTrue,ent_acc_met_person2_promptTrue,ent_met_person3_promptTrue,acc_met_person3_promptTrue,ent_acc_met_person3_promptTrue,ent_met_person4_promptTrue,acc_met_person4_promptTrue,ent_acc_met_person4_promptTrue,ent_met_person5_promptTrue,acc_met_person5_promptTrue,ent_acc_met_person5_promptTrue,ent_met_person6_promptTrue,acc_met_person6_promptTrue,ent_acc_met_person6_promptTrue,ent_met_person7_promptTrue,acc_met_person7_promptTrue,ent_acc_met_person7_promptTrue,ent_met_person8_promptTrue,acc_met_person8_promptTrue,ent_acc_met_person8_promptTrue,ent_met_person0_promptFalse,acc_met_person0_promptFalse,ent_acc_met_person0_promptFalse,ent_met_person1_promptFalse,acc_met_person1_promptFalse,ent_acc_met_person1_promptFalse,ent_met_person2_promptFalse,acc_met_person2_promptFalse,ent_acc_met_person2_promptFalse,ent_met_person3_promptFalse,acc_met_person3_promptFalse,ent_acc_met_person3_promptFalse,ent_met_person4_promptFalse,acc_met_person4_promptFalse,ent_acc_met_person4_promptFalse,ent_met_person5_promptFalse,acc_met_person5_promptFalse,ent_acc_met_person5_promptFalse,ent_met_person6_promptFalse,acc_met_person6_promptFalse,ent_acc_met_person6_promptFalse,ent_met_person7_promptFalse,acc_met_person7_promptFalse,ent_acc_met_person7_promptFalse,ent_met_person8_promptFalse,acc_met_person8_promptFalse,ent_acc_met_person8_promptFalse,ent_met_misceallonous0_promptTrue,acc_met_misceallonous0_promptTrue,ent_acc_met_misceallonous0_promptTrue,ent_met_misceallonous1_promptTrue,acc_met_misceallonous1_promptTrue,ent_acc_met_misceallonous1_promptTrue,ent_met_misceallonous2_promptTrue,acc_met_misceallonous2_promptTrue,ent_acc_met_misceallonous2_promptTrue,ent_met_misceallonous3_promptTrue,acc_met_misceallonous3_promptTrue,ent_acc_met_misceallonous3_promptTrue,ent_met_misceallonous4_promptTrue,acc_met_misceallonous4_promptTrue,ent_acc_met_misceallonous4_promptTrue,ent_met_misceallonous5_promptTrue,acc_met_misceallonous5_promptTrue,ent_acc_met_misceallonous5_promptTrue,ent_met_misceallonous6_promptTrue,acc_met_misceallonous6_promptTrue,ent_acc_met_misceallonous6_promptTrue,ent_met_misceallonous7_promptTrue,acc_met_misceallonous7_promptTrue,ent_acc_met_misceallonous7_promptTrue,ent_met_misceallonous8_promptTrue,acc_met_misceallonous8_promptTrue,ent_acc_met_misceallonous8_promptTrue,ent_met_misceallonous0_promptFalse,acc_met_misceallonous0_promptFalse,ent_acc_met_misceallonous0_promptFalse,ent_met_misceallonous1_promptFalse,acc_met_misceallonous1_promptFalse,ent_acc_met_misceallonous1_promptFalse,ent_met_misceallonous2_promptFalse,acc_met_misceallonous2_promptFalse,ent_acc_met_misceallonous2_promptFalse,ent_met_misceallonous3_promptFalse,acc_met_misceallonous3_promptFalse,ent_acc_met_misceallonous3_promptFalse,ent_met_misceallonous4_promptFalse,acc_met_misceallonous4_promptFalse,ent_acc_met_misceallonous4_promptFalse,ent_met_misceallonous5_promptFalse,acc_met_misceallonous5_promptFalse,ent_acc_met_misceallonous5_promptFalse,ent_met_misceallonous6_promptFalse,acc_met_misceallonous6_promptFalse,ent_acc_met_misceallonous6_promptFalse,ent_met_misceallonous7_promptFalse,acc_met_misceallonous7_promptFalse,ent_acc_met_misceallonous7_promptFalse,ent_met_misceallonous8_promptFalse,acc_met_misceallonous8_promptFalse,ent_acc_met_misceallonous8_promptFalse,ent_met_none0_promptTrue,acc_met_none0_promptTrue,ent_acc_met_none0_promptTrue,ent_met_none1_promptTrue,acc_met_none1_promptTrue,ent_acc_met_none1_promptTrue,ent_met_none2_promptTrue,acc_met_none2_promptTrue,ent_acc_met_none2_promptTrue,ent_met_none3_promptTrue,acc_met_none3_promptTrue,ent_acc_met_none3_promptTrue,ent_met_none4_promptTrue,acc_met_none4_promptTrue,ent_acc_met_none4_promptTrue,ent_met_none5_promptTrue,acc_met_none5_promptTrue,ent_acc_met_none5_promptTrue,ent_met_none6_promptTrue,acc_met_none6_promptTrue,ent_acc_met_none6_promptTrue,ent_met_none7_promptTrue,acc_met_none7_promptTrue,ent_acc_met_none7_promptTrue,ent_met_none8_promptTrue,acc_met_none8_promptTrue,ent_acc_met_none8_promptTrue,ent_met_none0_promptFalse,acc_met_none0_promptFalse,ent_acc_met_none0_promptFalse,ent_met_none1_promptFalse,acc_met_none1_promptFalse,ent_acc_met_none1_promptFalse,ent_met_none2_promptFalse,acc_met_none2_promptFalse,ent_acc_met_none2_promptFalse,ent_met_none3_promptFalse,acc_met_none3_promptFalse,ent_acc_met_none3_promptFalse,ent_met_none4_promptFalse,acc_met_none4_promptFalse,ent_acc_met_none4_promptFalse,ent_met_none5_promptFalse,acc_met_none5_promptFalse,ent_acc_met_none5_promptFalse,ent_met_none6_promptFalse,acc_met_none6_promptFalse,ent_acc_met_none6_promptFalse,ent_met_none7_promptFalse,acc_met_none7_promptFalse,ent_acc_met_none7_promptFalse,ent_met_none8_promptFalse,acc_met_none8_promptFalse,ent_acc_met_none8_promptFalse,f_score0_promptFalse,f_score4_promptFalse,f_score2_promptFalse,f_score3_promptFalse,f_score1_promptFalse,f_score0_promptFalse,f_score0_promptTrue,f_score4_promptFalse,f_score4_promptTrue,f_score2_promptFalse,f_score2_promptTrue,f_score3_promptFalse,f_score3_promptTrue,f_score1_promptFalse,f_score1_promptTrue,f_score0_promptFalse,f_score0_promptTrue,f_score4_promptFalse,f_score4_promptTrue,f_score2_promptFalse,f_score2_promptTrue,f_score3_promptFalse,f_score3_promptTrue,f_score1_promptFalse,f_score1_promptTrue,f_score0_promptFalse,f_score4_promptFalse,f_score2_promptFalse,f_score3_promptFalse,f_score1_promptFalse,f_score0_promptFalse,f_score0_promptTrue,f_score4_promptFalse,f_score4_promptTrue,f_score2_promptFalse,f_score2_promptTrue,f_score3_promptFalse,f_score3_promptTrue,f_score1_promptFalse,f_score1_promptTrue,f_score0_promptFalse,f_score4_promptFalse,f_score2_promptFalse,f_score3_promptFalse,f_score1_promptFalse,f_score0_promptFalse,f_score4_promptFalse,f_score2_promptFalse,f_score3_promptFalse,f_score1_promptFalse,f_score0_promptFalse,f_score4_promptFalse,f_score2_promptFalse,f_score3_promptFalse,f_score1_promptFalse,f_score0_promptFalse,f_score0_promptTrue,f_score4_promptTrue,f_score4_promptFalse,f_score2_promptFalse,f_score2_promptTrue,f_score3_promptFalse,f_score3_promptTrue,f_score1_promptFalse,f_score1_promptTrue,f_score0_promptFalse,f_score4_promptFalse,f_score2_promptFalse,f_score3_promptFalse,f_score1_promptFalse,f_score0_promptFalse,f_score0_promptTrue,f_score4_promptFalse,f_score4_promptTrue,f_score2_promptFalse,f_score2_promptTrue,f_score3_promptFalse,f_score3_promptTrue,f_score1_promptFalse,f_score1_promptTrue
0.2319093286835222,0.33002481389578164,0.26028547439126787,blip2-opt-2.7b,0.17876344086021506,133-270-177-611,0_prompt,False,8,,,,,,,,,,,,,,,,,,,,,,,,,,,,72,20,0.2777777777777778,,,,,,,,,,,,,,,,,,,,,,,,,,,,,,,,,,,,,,,,,,,,,,,,,,,,123,39,0.3170731707317073,,,,,,,,,,,,,,,,,,,,,,,,,,,,,,,,,,,,,,,,,,,,,,,,,,,,157,63,0.4012738853503185,,,,,,,,,,,,,,,,,,,,,,,,,,,,,,,,,,,,,,,,,,,,,,,,,,,,54,11,0.2037037037037037,,,,,,,,,,,,,,,,,,,,,,,,,,,,,,,,,,,,,,,,,,,,,,,,,,,,674,177,0.2626112759643917,,,,,,,,,,,,,,,,,,,,,,,,,0.2319093286835222,,,,,0.2319093286835222,,,,,,,,,,0.2319093286835222,,,,,,,,,,0.2319093286835222,,,,,0.2319093286835222,,,,,,,,,,0.2319093286835222,,,,,0.2319093286835222,,,,,0.2319093286835222,,,,,0.2319093286835222,,,,,,,,,,0.2319093286835222,,,,,0.2319093286835222,,,,,,,,,
0.23489361702127656,0.34328358208955223,0.25020850708924103,blip2-opt-2.7b,0.17852522639068563,138-264-162-635,0_prompt,False,7,,,,,,,,,,,,,,,,,,,,,,,,,,,,72,26,0.3611111111111111,,,,,,,,,,,,,,,,,,,,,,,,,,,,,,,,,,,,,,,,,,,,,,,,,,,,123,38,0.3089430894308943,,,,,,,,,,,,,,,,,,,,,,,,,,,,,,,,,,,,,,,,,,,,,,,,,,,,157,63,0.4012738853503185,,,,,,,,,,,,,,,,,,,,,,,,,,,,,,,,,,,,,,,,,,,,,,,,,,,,54,11,0.2037037037037037,,,,,,,,,,,,,,,,,,,,,,,,,,,,,,,,,,,,,,,,,,,,,,,,,,,,674,162,0.2403560830860534,,,,,,,,,,,,,,,,,,,,,,,,,0.23489361702127656,,,,,0.23489361702127656,,,,,,,,,,0.23489361702127656,,,,,,,,,,0.23489361702127656,,,,,0.23489361702127656,,,,,,,,,,0.23489361702127656,,,,,0.23489361702127656,,,,,0.23489361702127656,,,,,0.23489361702127656,,,,,,,,,,0.23489361702127656,,,,,0.23489361702127656,,,,,,,,,
0.23648029330889092,0.3200992555831266,0.2964527027027027,blip2-opt-2.7b,0.1875,129-274-222-559,0_prompt,False,6,,,,,,,,,,,,,,,,,,,,,,,,,,,,72,24,0.3333333333333333,,,,,,,,,,,,,,,,,,,,,,,,,,,,,,,,,,,,,,,,,,,,,,,,,,,,123,37,0.3008130081300813,,,,,,,,,,,,,,,,,,,,,,,,,,,,,,,,,,,,,,,,,,,,,,,,,,,,157,57,0.3630573248407643,,,,,,,,,,,,,,,,,,,,,,,,,,,,,,,,,,,,,,,,,,,,,,,,,,,,54,11,0.2037037037037037,,,,,,,,,,,,,,,,,,,,,,,,,,,,,,,,,,,,,,,,,,,,,,,,,,,,674,222,0.3293768545994065,,,,,,,,,,,,,,,,,,,,,,,,,0.23648029330889092,,,,,0.23648029330889092,,,,,,,,,,0.23648029330889092,,,,,,,,,,0.23648029330889092,,,,,0.23648029330889092,,,,,,,,,,0.23648029330889092,,,,,0.23648029330889092,,,,,0.23648029330889092,,,,,0.23648029330889092,,,,,,,,,,0.23648029330889092,,,,,0.23648029330889092,,,,,,,,,
0.2239382239382239,0.2878411910669975,0.31922099915325997,blip2-opt-2.7b,0.18325434439178515,116-287-261-517,0_prompt,False,5,,,,,,,,,,,,,,,,,,,,,,,,,,,,72,19,0.2638888888888889,,,,,,,,,,,,,,,,,,,,,,,,,,,,,,,,,,,,,,,,,,,,,,,,,,,,123,34,0.2764227642276423,,,,,,,,,,,,,,,,,,,,,,,,,,,,,,,,,,,,,,,,,,,,,,,,,,,,157,52,0.33121019108280253,,,,,,,,,,,,,,,,,,,,,,,,,,,,,,,,,,,,,,,,,,,,,,,,,,,,54,11,0.2037037037037037,,,,,,,,,,,,,,,,,,,,,,,,,,,,,,,,,,,,,,,,,,,,,,,,,,,,674,261,0.38724035608308605,,,,,,,,,,,,,,,,,,,,,,,,,0.2239382239382239,,,,,0.2239382239382239,,,,,,,,,,0.2239382239382239,,,,,,,,,,0.2239382239382239,,,,,0.2239382239382239,,,,,,,,,,0.2239382239382239,,,,,0.2239382239382239,,,,,0.2239382239382239,,,,,0.2239382239382239,,,,,,,,,,0.2239382239382239,,,,,0.2239382239382239,,,,,,,,,
0.22957198443579765,0.29280397022332505,0.32249786142001713,blip2-opt-2.7b,0.1888,118-285-259-507,0_prompt,False,4,,,,,,,,,,,,,,,,,,,,,,,,,,,,72,23,0.3194444444444444,,,,,,,,,,,,,,,,,,,,,,,,,,,,,,,,,,,,,,,,,,,,,,,,,,,,123,36,0.2926829268292683,,,,,,,,,,,,,,,,,,,,,,,,,,,,,,,,,,,,,,,,,,,,,,,,,,,,157,50,0.3184713375796178,,,,,,,,,,,,,,,,,,,,,,,,,,,,,,,,,,,,,,,,,,,,,,,,,,,,54,9,0.16666666666666666,,,,,,,,,,,,,,,,,,,,,,,,,,,,,,,,,,,,,,,,,,,,,,,,,,,,674,259,0.38427299703264095,,,,,,,,,,,,,,,,,,,,,,,,,0.22957198443579765,,,,,0.22957198443579765,,,,,,,,,,0.22957198443579765,,,,,,,,,,0.22957198443579765,,,,,0.22957198443579765,,,,,,,,,,0.22957198443579765,,,,,0.22957198443579765,,,,,0.22957198443579765,,,,,0.22957198443579765,,,,,,,,,,0.22957198443579765,,,,,0.22957198443579765,,,,,,,,,
0.1641025641025641,0.15763546798029557,0.4245366284201236,blip2-opt-2.7b,0.1711229946524064,64-342-417-310,0_prompt,False,3,,,,,,,,,,,,,,,,,,,,,,,,,,,,72,10,0.1388888888888889,,,,,,,,,,,,,,,,,,,,,,,,,,,,,,,,,,,,,,,,,,,,,,,,,,,,123,16,0.13008130081300814,,,,,,,,,,,,,,,,,,,,,,,,,,,,,,,,,,,,,,,,,,,,,,,,,,,,157,30,0.1910828025477707,,,,,,,,,,,,,,,,,,,,,,,,,,,,,,,,,,,,,,,,,,,,,,,,,,,,54,8,0.14814814814814814,,,,,,,,,,,,,,,,,,,,,,,,,,,,,,,,,,,,,,,,,,,,,,,,,,,,674,417,0.6186943620178041,,,,,,,,,,,,,,,,,,,,,,,,,0.1641025641025641,,,,,0.1641025641025641,,,,,,,,,,0.1641025641025641,,,,,,,,,,0.1641025641025641,,,,,0.1641025641025641,,,,,,,,,,0.1641025641025641,,,,,0.1641025641025641,,,,,0.1641025641025641,,,,,0.1641025641025641,,,,,,,,,,0.1641025641025641,,,,,0.1641025641025641,,,,,,,,,
0.08244274809160305,0.0665024630541872,0.46672582076308783,blip2-opt-2.7b,0.10843373493975904,27-379-499-222,0_prompt,False,2,,,,,,,,,,,,,,,,,,,,,,,,,,,,72,5,0.06944444444444445,,,,,,,,,,,,,,,,,,,,,,,,,,,,,,,,,,,,,,,,,,,,,,,,,,,,123,6,0.04878048780487805,,,,,,,,,,,,,,,,,,,,,,,,,,,,,,,,,,,,,,,,,,,,,,,,,,,,157,14,0.08917197452229299,,,,,,,,,,,,,,,,,,,,,,,,,,,,,,,,,,,,,,,,,,,,,,,,,,,,54,2,0.037037037037037035,,,,,,,,,,,,,,,,,,,,,,,,,,,,,,,,,,,,,,,,,,,,,,,,,,,,674,499,0.7403560830860534,,,,,,,,,,,,,,,,,,,,,,,,,0.08244274809160305,,,,,0.08244274809160305,,,,,,,,,,0.08244274809160305,,,,,,,,,,0.08244274809160305,,,,,0.08244274809160305,,,,,,,,,,0.08244274809160305,,,,,0.08244274809160305,,,,,0.08244274809160305,,,,,0.08244274809160305,,,,,,,,,,0.08244274809160305,,,,,0.08244274809160305,,,,,,,,,
0.19429778247096094,0.22772277227722773,0.35338983050847456,blip2-opt-2.7b,0.1694290976058932,92-312-325-451,0_prompt,False,1,,,,,,,,,,,,,,,,,,,,,,,,,,,,72,21,0.2916666666666667,,,,,,,,,,,,,,,,,,,,,,,,,,,,,,,,,,,,,,,,,,,,,,,,,,,,123,35,0.2845528455284553,,,,,,,,,,,,,,,,,,,,,,,,,,,,,,,,,,,,,,,,,,,,,,,,,,,,157,31,0.19745222929936307,,,,,,,,,,,,,,,,,,,,,,,,,,,,,,,,,,,,,,,,,,,,,,,,,,,,54,5,0.09259259259259259,,,,,,,,,,,,,,,,,,,,,,,,,,,,,,,,,,,,,,,,,,,,,,,,,,,,674,325,0.4821958456973294,,,,,,,,,,,,,,,,,,,,,,,,,0.19429778247096094,,,,,0.19429778247096094,,,,,,,,,,0.19429778247096094,,,,,,,,,,0.19429778247096094,,,,,0.19429778247096094,,,,,,,,,,0.19429778247096094,,,,,0.19429778247096094,,,,,0.19429778247096094,,,,,0.19429778247096094,,,,,,,,,,0.19429778247096094,,,,,0.19429778247096094,,,,,,,,,
0.013363028953229399,0.007389162561576354,0.5946935041171089,blip2-opt-2.7b,0.06976744186046512,3-403-647-40,0_prompt,False,0,,,,,,,,,,,,,,,,,,,,,,,,,,,,72,0,0.0,,,,,,,,,,,,,,,,,,,,,,,,,,,,,,,,,,,,,,,,,,,,,,,,,,,,123,2,0.016260162601626018,,,,,,,,,,,,,,,,,,,,,,,,,,,,,,,,,,,,,,,,,,,,,,,,,,,,157,1,0.006369426751592357,,,,,,,,,,,,,,,,,,,,,,,,,,,,,,,,,,,,,,,,,,,,,,,,,,,,54,0,0.0,,,,,,,,,,,,,,,,,,,,,,,,,,,,,,,,,,,,,,,,,,,,,,,,,,,,674,647,0.9599406528189911,,,,,,,,,,,,,,,,,,,,,,,,,0.013363028953229399,,,,,0.013363028953229399,,,,,,,,,,0.013363028953229399,,,,,,,,,,0.013363028953229399,,,,,0.013363028953229399,,,,,,,,,,0.013363028953229399,,,,,0.013363028953229399,,,,,0.013363028953229399,,,,,0.013363028953229399,,,,,,,,,,0.013363028953229399,,,,,0.013363028953229399,,,,,,,,,
0.2172211350293542,0.27543424317617865,0.31798806479113384,blip2-opt-2.7b,0.17932148626817448,111-292-262-508,0_prompt,True,8,72,18,0.25,,,,,,,,,,,,,,,,,,,,,,,,,,,,,,,,,,,,,,,,,,,,,,,,,,,,123,28,0.22764227642276422,,,,,,,,,,,,,,,,,,,,,,,,,,,,,,,,,,,,,,,,,,,,,,,,,,,,157,57,0.3630573248407643,,,,,,,,,,,,,,,,,,,,,,,,,,,,,,,,,,,,,,,,,,,,,,,,,,,,54,8,0.14814814814814814,,,,,,,,,,,,,,,,,,,,,,,,,,,,,,,,,,,,,,,,,,,,,,,,,,,,674,262,0.3887240356083086,,,,,,,,,,,,,,,,,,,,,,,,,,,,,,,,,,,,,,,,,,,,,,,,,,,,,,,,,,0.2172211350293542,,,,,,,,,,0.2172211350293542,,,,,,,,,,,,,,,0.2172211350293542,,,,,,,,,,,,,,,,,,,,,,,,,0.2172211350293542,,,,,,,,,,,,,,,0.2172211350293542,,,,,,,,
0.20975160993560257,0.28217821782178215,0.2787573467674223,blip2-opt-2.7b,0.16691068814055637,114-290-218-569,0_prompt,True,7,72,23,0.3194444444444444,,,,,,,,,,,,,,,,,,,,,,,,,,,,,,,,,,,,,,,,,,,,,,,,,,,,123,26,0.21138211382113822,,,,,,,,,,,,,,,,,,,,,,,,,,,,,,,,,,,,,,,,,,,,,,,,,,,,157,55,0.3503184713375796,,,,,,,,,,,,,,,,,,,,,,,,,,,,,,,,,,,,,,,,,,,,,,,,,,,,54,10,0.18518518518518517,,,,,,,,,,,,,,,,,,,,,,,,,,,,,,,,,,,,,,,,,,,,,,,,,,,,674,218,0.32344213649851633,,,,,,,,,,,,,,,,,,,,,,,,,,,,,,,,,,,,,,,,,,,,,,,,,,,,,,,,,,0.20975160993560257,,,,,,,,,,0.20975160993560257,,,,,,,,,,,,,,,0.20975160993560257,,,,,,,,,,,,,,,,,,,,,,,,,0.20975160993560257,,,,,,,,,,,,,,,0.20975160993560257,,,,,,,,
0.2085308056872038,0.2722772277227723,0.29535864978902954,blip2-opt-2.7b,0.16897081413210446,110-294-240-541,0_prompt,True,6,72,23,0.3194444444444444,,,,,,,,,,,,,,,,,,,,,,,,,,,,,,,,,,,,,,,,,,,,,,,,,,,,123,26,0.21138211382113822,,,,,,,,,,,,,,,,,,,,,,,,,,,,,,,,,,,,,,,,,,,,,,,,,,,,157,52,0.33121019108280253,,,,,,,,,,,,,,,,,,,,,,,,,,,,,,,,,,,,,,,,,,,,,,,,,,,,54,9,0.16666666666666666,,,,,,,,,,,,,,,,,,,,,,,,,,,,,,,,,,,,,,,,,,,,,,,,,,,,674,240,0.3560830860534125,,,,,,,,,,,,,,,,,,,,,,,,,,,,,,,,,,,,,,,,,,,,,,,,,,,,,,,,,,0.2085308056872038,,,,,,,,,,0.2085308056872038,,,,,,,,,,,,,,,0.2085308056872038,,,,,,,,,,,,,,,,,,,,,,,,,0.2085308056872038,,,,,,,,,,,,,,,0.2085308056872038,,,,,,,,
0.2167300380228137,0.28217821782178215,0.300509337860781,blip2-opt-2.7b,0.17592592592592593,114-290-240-534,0_prompt,True,5,72,26,0.3611111111111111,,,,,,,,,,,,,,,,,,,,,,,,,,,,,,,,,,,,,,,,,,,,,,,,,,,,123,25,0.2032520325203252,,,,,,,,,,,,,,,,,,,,,,,,,,,,,,,,,,,,,,,,,,,,,,,,,,,,157,54,0.34394904458598724,,,,,,,,,,,,,,,,,,,,,,,,,,,,,,,,,,,,,,,,,,,,,,,,,,,,54,9,0.16666666666666666,,,,,,,,,,,,,,,,,,,,,,,,,,,,,,,,,,,,,,,,,,,,,,,,,,,,674,240,0.3560830860534125,,,,,,,,,,,,,,,,,,,,,,,,,,,,,,,,,,,,,,,,,,,,,,,,,,,,,,,,,,0.2167300380228137,,,,,,,,,,0.2167300380228137,,,,,,,,,,,,,,,0.2167300380228137,,,,,,,,,,,,,,,,,,,,,,,,,0.2167300380228137,,,,,,,,,,,,,,,0.2167300380228137,,,,,,,,
0.21263157894736842,0.2506203473945409,0.35517241379310344,blip2-opt-2.7b,0.1846435100548446,101-302-311-446,0_prompt,True,4,72,21,0.2916666666666667,,,,,,,,,,,,,,,,,,,,,,,,,,,,,,,,,,,,,,,,,,,,,,,,,,,,123,23,0.18699186991869918,,,,,,,,,,,,,,,,,,,,,,,,,,,,,,,,,,,,,,,,,,,,,,,,,,,,157,51,0.3248407643312102,,,,,,,,,,,,,,,,,,,,,,,,,,,,,,,,,,,,,,,,,,,,,,,,,,,,54,6,0.1111111111111111,,,,,,,,,,,,,,,,,,,,,,,,,,,,,,,,,,,,,,,,,,,,,,,,,,,,674,311,0.46142433234421365,,,,,,,,,,,,,,,,,,,,,,,,,,,,,,,,,,,,,,,,,,,,,,,,,,,,,,,,,,0.21263157894736842,,,,,,,,,,0.21263157894736842,,,,,,,,,,,,,,,0.21263157894736842,,,,,,,,,,,,,,,,,,,,,,,,,0.21263157894736842,,,,,,,,,,,,,,,0.21263157894736842,,,,,,,,
0.19201725997842503,0.22084367245657568,0.3537532355478861,blip2-opt-2.7b,0.16984732824427481,89-314-321-435,0_prompt,True,3,72,16,0.2222222222222222,,,,,,,,,,,,,,,,,,,,,,,,,,,,,,,,,,,,,,,,,,,,,,,,,,,,123,18,0.14634146341463414,,,,,,,,,,,,,,,,,,,,,,,,,,,,,,,,,,,,,,,,,,,,,,,,,,,,157,47,0.29936305732484075,,,,,,,,,,,,,,,,,,,,,,,,,,,,,,,,,,,,,,,,,,,,,,,,,,,,54,8,0.14814814814814814,,,,,,,,,,,,,,,,,,,,,,,,,,,,,,,,,,,,,,,,,,,,,,,,,,,,674,321,0.4762611275964392,,,,,,,,,,,,,,,,,,,,,,,,,,,,,,,,,,,,,,,,,,,,,,,,,,,,,,,,,,0.19201725997842503,,,,,,,,,,0.19201725997842503,,,,,,,,,,,,,,,0.19201725997842503,,,,,,,,,,,,,,,,,,,,,,,,,0.19201725997842503,,,,,,,,,,,,,,,0.19201725997842503,,,,,,,,
0.15545243619489563,0.16584158415841585,0.3686036426712923,blip2-opt-2.7b,0.1462882096069869,67-337-358-391,0_prompt,True,2,72,18,0.25,,,,,,,,,,,,,,,,,,,,,,,,,,,,,,,,,,,,,,,,,,,,,,,,,,,,123,16,0.13008130081300814,,,,,,,,,,,,,,,,,,,,,,,,,,,,,,,,,,,,,,,,,,,,,,,,,,,,157,27,0.17197452229299362,,,,,,,,,,,,,,,,,,,,,,,,,,,,,,,,,,,,,,,,,,,,,,,,,,,,54,6,0.1111111111111111,,,,,,,,,,,,,,,,,,,,,,,,,,,,,,,,,,,,,,,,,,,,,,,,,,,,674,358,0.5311572700296736,,,,,,,,,,,,,,,,,,,,,,,,,,,,,,,,,,,,,,,,,,,,,,,,,,,,,,,,,,0.15545243619489563,,,,,,,,,,0.15545243619489563,,,,,,,,,,,,,,,0.15545243619489563,,,,,,,,,,,,,,,,,,,,,,,,,0.15545243619489563,,,,,,,,,,,,,,,0.15545243619489563,,,,,,,,
0.17452830188679244,0.18316831683168316,0.3949870354364736,blip2-opt-2.7b,0.16666666666666666,74-330-383-370,0_prompt,True,1,72,19,0.2638888888888889,,,,,,,,,,,,,,,,,,,,,,,,,,,,,,,,,,,,,,,,,,,,,,,,,,,,123,27,0.21951219512195122,,,,,,,,,,,,,,,,,,,,,,,,,,,,,,,,,,,,,,,,,,,,,,,,,,,,157,21,0.1337579617834395,,,,,,,,,,,,,,,,,,,,,,,,,,,,,,,,,,,,,,,,,,,,,,,,,,,,54,7,0.12962962962962962,,,,,,,,,,,,,,,,,,,,,,,,,,,,,,,,,,,,,,,,,,,,,,,,,,,,674,383,0.5682492581602374,,,,,,,,,,,,,,,,,,,,,,,,,,,,,,,,,,,,,,,,,,,,,,,,,,,,,,,,,,0.17452830188679244,,,,,,,,,,0.17452830188679244,,,,,,,,,,,,,,,0.17452830188679244,,,,,,,,,,,,,,,,,,,,,,,,,0.17452830188679244,,,,,,,,,,,,,,,0.17452830188679244,,,,,,,,
0.020408163265306124,0.012315270935960592,0.5652173913043478,blip2-opt-2.7b,0.05952380952380952,5-401-619-79,0_prompt,True,0,72,2,0.027777777777777776,,,,,,,,,,,,,,,,,,,,,,,,,,,,,,,,,,,,,,,,,,,,,,,,,,,,123,0,0.0,,,,,,,,,,,,,,,,,,,,,,,,,,,,,,,,,,,,,,,,,,,,,,,,,,,,157,3,0.01910828025477707,,,,,,,,,,,,,,,,,,,,,,,,,,,,,,,,,,,,,,,,,,,,,,,,,,,,54,0,0.0,,,,,,,,,,,,,,,,,,,,,,,,,,,,,,,,,,,,,,,,,,,,,,,,,,,,674,619,0.9183976261127597,,,,,,,,,,,,,,,,,,,,,,,,,,,,,,,,,,,,,,,,,,,,,,,,,,,,,,,,,,0.020408163265306124,,,,,,,,,,0.020408163265306124,,,,,,,,,,,,,,,0.020408163265306124,,,,,,,,,,,,,,,,,,,,,,,,,0.020408163265306124,,,,,,,,,,,,,,,0.020408163265306124,,,,,,,,
0.2727272727272727,0.3870967741935484,0.2955122777307367,blip2-opt-2.7b,0.21052631578947367,156-247-193-585,4_prompt,False,8,,,,,,,,,,,,,,,,,,,,,,,,,,,,,,,,,,,,,,,,72,26,0.3611111111111111,,,,,,,,,,,,,,,,,,,,,,,,,,,,,,,,,,,,,,,,,,,,,,,,,,,,123,49,0.3983739837398374,,,,,,,,,,,,,,,,,,,,,,,,,,,,,,,,,,,,,,,,,,,,,,,,,,,,157,69,0.4394904458598726,,,,,,,,,,,,,,,,,,,,,,,,,,,,,,,,,,,,,,,,,,,,,,,,,,,,54,12,0.2222222222222222,,,,,,,,,,,,,,,,,,,,,,,,,,,,,,,,,,,,,,,,,,,,,,,,,,,,674,193,0.28635014836795253,,,,,,,,,,,,,,0.2727272727272727,,,,,,0.2727272727272727,,,,,,,,,,0.2727272727272727,,,,,,,,,0.2727272727272727,,,,,,0.2727272727272727,,,,,,,,,0.2727272727272727,,,,,0.2727272727272727,,,,,0.2727272727272727,,,,,,,0.2727272727272727,,,,,,,,0.2727272727272727,,,,,,0.2727272727272727,,,,,,,
0.2862190812720848,0.40298507462686567,0.307032590051458,blip2-opt-2.7b,0.2219178082191781,162-240-196-568,4_prompt,False,7,,,,,,,,,,,,,,,,,,,,,,,,,,,,,,,,,,,,,,,,72,28,0.3888888888888889,,,,,,,,,,,,,,,,,,,,,,,,,,,,,,,,,,,,,,,,,,,,,,,,,,,,123,47,0.3821138211382114,,,,,,,,,,,,,,,,,,,,,,,,,,,,,,,,,,,,,,,,,,,,,,,,,,,,157,77,0.49044585987261147,,,,,,,,,,,,,,,,,,,,,,,,,,,,,,,,,,,,,,,,,,,,,,,,,,,,54,10,0.18518518518518517,,,,,,,,,,,,,,,,,,,,,,,,,,,,,,,,,,,,,,,,,,,,,,,,,,,,674,196,0.29080118694362017,,,,,,,,,,,,,,0.2862190812720848,,,,,,0.2862190812720848,,,,,,,,,,0.2862190812720848,,,,,,,,,0.2862190812720848,,,,,,0.2862190812720848,,,,,,,,,0.2862190812720848,,,,,0.2862190812720848,,,,,0.2862190812720848,,,,,,,0.2862190812720848,,,,,,,,0.2862190812720848,,,,,,0.2862190812720848,,,,,,,
0.2921550946798918,0.40298507462686567,0.3313458262350937,blip2-opt-2.7b,0.22913719943422914,162-240-227-545,4_prompt,False,6,,,,,,,,,,,,,,,,,,,,,,,,,,,,,,,,,,,,,,,,72,24,0.3333333333333333,,,,,,,,,,,,,,,,,,,,,,,,,,,,,,,,,,,,,,,,,,,,,,,,,,,,123,48,0.3902439024390244,,,,,,,,,,,,,,,,,,,,,,,,,,,,,,,,,,,,,,,,,,,,,,,,,,,,157,80,0.5095541401273885,,,,,,,,,,,,,,,,,,,,,,,,,,,,,,,,,,,,,,,,,,,,,,,,,,,,54,10,0.18518518518518517,,,,,,,,,,,,,,,,,,,,,,,,,,,,,,,,,,,,,,,,,,,,,,,,,,,,674,227,0.3367952522255193,,,,,,,,,,,,,,0.2921550946798918,,,,,,0.2921550946798918,,,,,,,,,,0.2921550946798918,,,,,,,,,0.2921550946798918,,,,,,0.2921550946798918,,,,,,,,,0.2921550946798918,,,,,0.2921550946798918,,,,,0.2921550946798918,,,,,,,0.2921550946798918,,,,,,,,0.2921550946798918,,,,,,0.2921550946798918,,,,,,,
0.2822822822822823,0.349009900990099,0.37597911227154046,blip2-opt-2.7b,0.23697478991596638,141-263-291-454,4_prompt,False,5,,,,,,,,,,,,,,,,,,,,,,,,,,,,,,,,,,,,,,,,72,21,0.2916666666666667,,,,,,,,,,,,,,,,,,,,,,,,,,,,,,,,,,,,,,,,,,,,,,,,,,,,123,39,0.3170731707317073,,,,,,,,,,,,,,,,,,,,,,,,,,,,,,,,,,,,,,,,,,,,,,,,,,,,157,70,0.445859872611465,,,,,,,,,,,,,,,,,,,,,,,,,,,,,,,,,,,,,,,,,,,,,,,,,,,,54,11,0.2037037037037037,,,,,,,,,,,,,,,,,,,,,,,,,,,,,,,,,,,,,,,,,,,,,,,,,,,,674,291,0.4317507418397626,,,,,,,,,,,,,,0.2822822822822823,,,,,,0.2822822822822823,,,,,,,,,,0.2822822822822823,,,,,,,,,0.2822822822822823,,,,,,0.2822822822822823,,,,,,,,,0.2822822822822823,,,,,0.2822822822822823,,,,,0.2822822822822823,,,,,,,0.2822822822822823,,,,,,,,0.2822822822822823,,,,,,0.2822822822822823,,,,,,,
0.264674493062967,0.3069306930693069,0.39508340649692714,blip2-opt-2.7b,0.2326454033771107,124-280-326-409,4_prompt,False,4,,,,,,,,,,,,,,,,,,,,,,,,,,,,,,,,,,,,,,,,72,19,0.2638888888888889,,,,,,,,,,,,,,,,,,,,,,,,,,,,,,,,,,,,,,,,,,,,,,,,,,,,123,37,0.3008130081300813,,,,,,,,,,,,,,,,,,,,,,,,,,,,,,,,,,,,,,,,,,,,,,,,,,,,157,60,0.3821656050955414,,,,,,,,,,,,,,,,,,,,,,,,,,,,,,,,,,,,,,,,,,,,,,,,,,,,54,8,0.14814814814814814,,,,,,,,,,,,,,,,,,,,,,,,,,,,,,,,,,,,,,,,,,,,,,,,,,,,674,326,0.4836795252225519,,,,,,,,,,,,,,0.264674493062967,,,,,,0.264674493062967,,,,,,,,,,0.264674493062967,,,,,,,,,0.264674493062967,,,,,,0.264674493062967,,,,,,,,,0.264674493062967,,,,,0.264674493062967,,,,,0.264674493062967,,,,,,,0.264674493062967,,,,,,,,0.264674493062967,,,,,,0.264674493062967,,,,,,,
0.23249999999999998,0.22962962962962963,0.45325022261798753,blip2-opt-2.7b,0.23544303797468355,93-312-416-302,4_prompt,False,3,,,,,,,,,,,,,,,,,,,,,,,,,,,,,,,,,,,,,,,,72,13,0.18055555555555555,,,,,,,,,,,,,,,,,,,,,,,,,,,,,,,,,,,,,,,,,,,,,,,,,,,,123,26,0.21138211382113822,,,,,,,,,,,,,,,,,,,,,,,,,,,,,,,,,,,,,,,,,,,,,,,,,,,,157,46,0.2929936305732484,,,,,,,,,,,,,,,,,,,,,,,,,,,,,,,,,,,,,,,,,,,,,,,,,,,,54,8,0.14814814814814814,,,,,,,,,,,,,,,,,,,,,,,,,,,,,,,,,,,,,,,,,,,,,,,,,,,,674,416,0.6172106824925816,,,,,,,,,,,,,,0.23249999999999998,,,,,,0.23249999999999998,,,,,,,,,,0.23249999999999998,,,,,,,,,0.23249999999999998,,,,,,0.23249999999999998,,,,,,,,,0.23249999999999998,,,,,0.23249999999999998,,,,,0.23249999999999998,,,,,,,0.23249999999999998,,,,,,,,0.23249999999999998,,,,,,0.23249999999999998,,,,,,,
0.1678520625889047,0.14532019704433496,0.4795373665480427,blip2-opt-2.7b,0.19865319865319866,59-347-480-238,4_prompt,False,2,,,,,,,,,,,,,,,,,,,,,,,,,,,,,,,,,,,,,,,,72,6,0.08333333333333333,,,,,,,,,,,,,,,,,,,,,,,,,,,,,,,,,,,,,,,,,,,,,,,,,,,,123,20,0.16260162601626016,,,,,,,,,,,,,,,,,,,,,,,,,,,,,,,,,,,,,,,,,,,,,,,,,,,,157,26,0.16560509554140126,,,,,,,,,,,,,,,,,,,,,,,,,,,,,,,,,,,,,,,,,,,,,,,,,,,,54,7,0.12962962962962962,,,,,,,,,,,,,,,,,,,,,,,,,,,,,,,,,,,,,,,,,,,,,,,,,,,,674,480,0.712166172106825,,,,,,,,,,,,,,0.1678520625889047,,,,,,0.1678520625889047,,,,,,,,,,0.1678520625889047,,,,,,,,,0.1678520625889047,,,,,,0.1678520625889047,,,,,,,,,0.1678520625889047,,,,,0.1678520625889047,,,,,0.1678520625889047,,,,,,,0.1678520625889047,,,,,,,,0.1678520625889047,,,,,,0.1678520625889047,,,,,,,
0.24066390041493776,0.2871287128712871,0.3689655172413793,blip2-opt-2.7b,0.20714285714285716,116-288-312-444,4_prompt,False,1,,,,,,,,,,,,,,,,,,,,,,,,,,,,,,,,,,,,,,,,72,21,0.2916666666666667,,,,,,,,,,,,,,,,,,,,,,,,,,,,,,,,,,,,,,,,,,,,,,,,,,,,123,48,0.3902439024390244,,,,,,,,,,,,,,,,,,,,,,,,,,,,,,,,,,,,,,,,,,,,,,,,,,,,157,41,0.2611464968152866,,,,,,,,,,,,,,,,,,,,,,,,,,,,,,,,,,,,,,,,,,,,,,,,,,,,54,6,0.1111111111111111,,,,,,,,,,,,,,,,,,,,,,,,,,,,,,,,,,,,,,,,,,,,,,,,,,,,674,312,0.4629080118694362,,,,,,,,,,,,,,0.24066390041493776,,,,,,0.24066390041493776,,,,,,,,,,0.24066390041493776,,,,,,,,,0.24066390041493776,,,,,,0.24066390041493776,,,,,,,,,0.24066390041493776,,,,,0.24066390041493776,,,,,0.24066390041493776,,,,,,,0.24066390041493776,,,,,,,,0.24066390041493776,,,,,,0.24066390041493776,,,,,,,
0.037815126050420166,0.022167487684729065,0.5828779599271403,blip2-opt-2.7b,0.12857142857142856,9-397-631-61,4_prompt,False,0,,,,,,,,,,,,,,,,,,,,,,,,,,,,,,,,,,,,,,,,72,4,0.05555555555555555,,,,,,,,,,,,,,,,,,,,,,,,,,,,,,,,,,,,,,,,,,,,,,,,,,,,123,5,0.04065040650406504,,,,,,,,,,,,,,,,,,,,,,,,,,,,,,,,,,,,,,,,,,,,,,,,,,,,157,0,0.0,,,,,,,,,,,,,,,,,,,,,,,,,,,,,,,,,,,,,,,,,,,,,,,,,,,,54,0,0.0,,,,,,,,,,,,,,,,,,,,,,,,,,,,,,,,,,,,,,,,,,,,,,,,,,,,674,631,0.9362017804154302,,,,,,,,,,,,,,0.037815126050420166,,,,,,0.037815126050420166,,,,,,,,,,0.037815126050420166,,,,,,,,,0.037815126050420166,,,,,,0.037815126050420166,,,,,,,,,0.037815126050420166,,,,,0.037815126050420166,,,,,0.037815126050420166,,,,,,,0.037815126050420166,,,,,,,,0.037815126050420166,,,,,,0.037815126050420166,,,,,,,
0.25,0.3217821782178218,0.3321917808219178,blip2-opt-2.7b,0.20440251572327045,130-274-258-506,4_prompt,True,8,,,,,,,,,,,,,72,25,0.3472222222222222,,,,,,,,,,,,,,,,,,,,,,,,,,,,,,,,,,,,,,,,,,,,,,,,,,,,123,37,0.3008130081300813,,,,,,,,,,,,,,,,,,,,,,,,,,,,,,,,,,,,,,,,,,,,,,,,,,,,157,57,0.3630573248407643,,,,,,,,,,,,,,,,,,,,,,,,,,,,,,,,,,,,,,,,,,,,,,,,,,,,54,11,0.2037037037037037,,,,,,,,,,,,,,,,,,,,,,,,,,,,,,,,,,,,,,,,,,,,,,,,,,,,674,258,0.3827893175074184,,,,,,,,,,,,,,,,,,,,,,,,,,,,,,,,,,,,,,,,,,,,,,,,0.25,,,,,,,,,,0.25,,,,,,,,,,,,,,,0.25,,,,,,,,,,,,,,,,,,,,,,,,0.25,,,,,,,,,,,,,,,,0.25,,,,,,
0.26536585365853654,0.33663366336633666,0.3440766550522648,blip2-opt-2.7b,0.21900161030595813,136-268-259-485,4_prompt,True,7,,,,,,,,,,,,,72,28,0.3888888888888889,,,,,,,,,,,,,,,,,,,,,,,,,,,,,,,,,,,,,,,,,,,,,,,,,,,,123,35,0.2845528455284553,,,,,,,,,,,,,,,,,,,,,,,,,,,,,,,,,,,,,,,,,,,,,,,,,,,,157,64,0.40764331210191085,,,,,,,,,,,,,,,,,,,,,,,,,,,,,,,,,,,,,,,,,,,,,,,,,,,,54,9,0.16666666666666666,,,,,,,,,,,,,,,,,,,,,,,,,,,,,,,,,,,,,,,,,,,,,,,,,,,,674,259,0.38427299703264095,,,,,,,,,,,,,,,,,,,,,,,,,,,,,,,,,,,,,,,,,,,,,,,,0.26536585365853654,,,,,,,,,,0.26536585365853654,,,,,,,,,,,,,,,0.26536585365853654,,,,,,,,,,,,,,,,,,,,,,,,0.26536585365853654,,,,,,,,,,,,,,,,0.26536585365853654,,,,,,
0.25393700787401574,0.3200992555831266,0.34655172413793106,blip2-opt-2.7b,0.21044045676998369,129-274-273-484,4_prompt,True,6,,,,,,,,,,,,,72,25,0.3472222222222222,,,,,,,,,,,,,,,,,,,,,,,,,,,,,,,,,,,,,,,,,,,,,,,,,,,,123,35,0.2845528455284553,,,,,,,,,,,,,,,,,,,,,,,,,,,,,,,,,,,,,,,,,,,,,,,,,,,,157,62,0.39490445859872614,,,,,,,,,,,,,,,,,,,,,,,,,,,,,,,,,,,,,,,,,,,,,,,,,,,,54,7,0.12962962962962962,,,,,,,,,,,,,,,,,,,,,,,,,,,,,,,,,,,,,,,,,,,,,,,,,,,,674,273,0.4050445103857567,,,,,,,,,,,,,,,,,,,,,,,,,,,,,,,,,,,,,,,,,,,,,,,,0.25393700787401574,,,,,,,,,,0.25393700787401574,,,,,,,,,,,,,,,0.25393700787401574,,,,,,,,,,,,,,,,,,,,,,,,0.25393700787401574,,,,,,,,,,,,,,,,0.25393700787401574,,,,,,
0.26774847870182555,0.32673267326732675,0.37162750217580504,blip2-opt-2.7b,0.2268041237113402,132-272-295-450,4_prompt,True,5,,,,,,,,,,,,,72,25,0.3472222222222222,,,,,,,,,,,,,,,,,,,,,,,,,,,,,,,,,,,,,,,,,,,,,,,,,,,,123,34,0.2764227642276423,,,,,,,,,,,,,,,,,,,,,,,,,,,,,,,,,,,,,,,,,,,,,,,,,,,,157,65,0.4140127388535032,,,,,,,,,,,,,,,,,,,,,,,,,,,,,,,,,,,,,,,,,,,,,,,,,,,,54,8,0.14814814814814814,,,,,,,,,,,,,,,,,,,,,,,,,,,,,,,,,,,,,,,,,,,,,,,,,,,,674,295,0.43768545994065283,,,,,,,,,,,,,,,,,,,,,,,,,,,,,,,,,,,,,,,,,,,,,,,,0.26774847870182555,,,,,,,,,,0.26774847870182555,,,,,,,,,,,,,,,0.26774847870182555,,,,,,,,,,,,,,,,,,,,,,,,0.26774847870182555,,,,,,,,,,,,,,,,0.26774847870182555,,,,,,
0.2585635359116022,0.2903225806451613,0.4124343257443082,blip2-opt-2.7b,0.23306772908366533,117-286-354-385,4_prompt,True,4,,,,,,,,,,,,,72,22,0.3055555555555556,,,,,,,,,,,,,,,,,,,,,,,,,,,,,,,,,,,,,,,,,,,,,,,,,,,,123,27,0.21951219512195122,,,,,,,,,,,,,,,,,,,,,,,,,,,,,,,,,,,,,,,,,,,,,,,,,,,,157,59,0.37579617834394907,,,,,,,,,,,,,,,,,,,,,,,,,,,,,,,,,,,,,,,,,,,,,,,,,,,,54,9,0.16666666666666666,,,,,,,,,,,,,,,,,,,,,,,,,,,,,,,,,,,,,,,,,,,,,,,,,,,,674,354,0.5252225519287834,,,,,,,,,,,,,,,,,,,,,,,,,,,,,,,,,,,,,,,,,,,,,,,,0.2585635359116022,,,,,,,,,,0.2585635359116022,,,,,,,,,,,,,,,0.2585635359116022,,,,,,,,,,,,,,,,,,,,,,,,0.2585635359116022,,,,,,,,,,,,,,,,0.2585635359116022,,,,,,
0.2262443438914027,0.24752475247524752,0.3994732221246708,blip2-opt-2.7b,0.20833333333333334,100-304-355-380,4_prompt,True,3,,,,,,,,,,,,,72,16,0.2222222222222222,,,,,,,,,,,,,,,,,,,,,,,,,,,,,,,,,,,,,,,,,,,,,,,,,,,,123,24,0.1951219512195122,,,,,,,,,,,,,,,,,,,,,,,,,,,,,,,,,,,,,,,,,,,,,,,,,,,,157,51,0.3248407643312102,,,,,,,,,,,,,,,,,,,,,,,,,,,,,,,,,,,,,,,,,,,,,,,,,,,,54,9,0.16666666666666666,,,,,,,,,,,,,,,,,,,,,,,,,,,,,,,,,,,,,,,,,,,,,,,,,,,,674,355,0.526706231454006,,,,,,,,,,,,,,,,,,,,,,,,,,,,,,,,,,,,,,,,,,,,,,,,0.2262443438914027,,,,,,,,,,0.2262443438914027,,,,,,,,,,,,,,,0.2262443438914027,,,,,,,,,,,,,,,,,,,,,,,,0.2262443438914027,,,,,,,,,,,,,,,,0.2262443438914027,,,,,,
0.19458128078817732,0.19554455445544555,0.4242957746478873,blip2-opt-2.7b,0.19362745098039216,79-325-403-329,4_prompt,True,2,,,,,,,,,,,,,72,16,0.2222222222222222,,,,,,,,,,,,,,,,,,,,,,,,,,,,,,,,,,,,,,,,,,,,,,,,,,,,123,23,0.18699186991869918,,,,,,,,,,,,,,,,,,,,,,,,,,,,,,,,,,,,,,,,,,,,,,,,,,,,157,34,0.21656050955414013,,,,,,,,,,,,,,,,,,,,,,,,,,,,,,,,,,,,,,,,,,,,,,,,,,,,54,6,0.1111111111111111,,,,,,,,,,,,,,,,,,,,,,,,,,,,,,,,,,,,,,,,,,,,,,,,,,,,674,403,0.5979228486646885,,,,,,,,,,,,,,,,,,,,,,,,,,,,,,,,,,,,,,,,,,,,,,,,0.19458128078817732,,,,,,,,,,0.19458128078817732,,,,,,,,,,,,,,,0.19458128078817732,,,,,,,,,,,,,,,,,,,,,,,,0.19458128078817732,,,,,,,,,,,,,,,,0.19458128078817732,,,,,,
0.21479713603818618,0.22277227722772278,0.42782608695652175,blip2-opt-2.7b,0.2073732718894009,90-314-402-344,4_prompt,True,1,,,,,,,,,,,,,72,23,0.3194444444444444,,,,,,,,,,,,,,,,,,,,,,,,,,,,,,,,,,,,,,,,,,,,,,,,,,,,123,31,0.25203252032520324,,,,,,,,,,,,,,,,,,,,,,,,,,,,,,,,,,,,,,,,,,,,,,,,,,,,157,31,0.19745222929936307,,,,,,,,,,,,,,,,,,,,,,,,,,,,,,,,,,,,,,,,,,,,,,,,,,,,54,5,0.09259259259259259,,,,,,,,,,,,,,,,,,,,,,,,,,,,,,,,,,,,,,,,,,,,,,,,,,,,674,402,0.5964391691394659,,,,,,,,,,,,,,,,,,,,,,,,,,,,,,,,,,,,,,,,,,,,,,,,0.21479713603818618,,,,,,,,,,0.21479713603818618,,,,,,,,,,,,,,,0.21479713603818618,,,,,,,,,,,,,,,,,,,,,,,,0.21479713603818618,,,,,,,,,,,,,,,,0.21479713603818618,,,,,,
0.045889101338432124,0.029556650246305417,0.5548617305976806,blip2-opt-2.7b,0.10256410256410256,12-394-610-105,4_prompt,True,0,,,,,,,,,,,,,72,5,0.06944444444444445,,,,,,,,,,,,,,,,,,,,,,,,,,,,,,,,,,,,,,,,,,,,,,,,,,,,123,2,0.016260162601626018,,,,,,,,,,,,,,,,,,,,,,,,,,,,,,,,,,,,,,,,,,,,,,,,,,,,157,5,0.03184713375796178,,,,,,,,,,,,,,,,,,,,,,,,,,,,,,,,,,,,,,,,,,,,,,,,,,,,54,0,0.0,,,,,,,,,,,,,,,,,,,,,,,,,,,,,,,,,,,,,,,,,,,,,,,,,,,,674,610,0.9050445103857567,,,,,,,,,,,,,,,,,,,,,,,,,,,,,,,,,,,,,,,,,,,,,,,,0.045889101338432124,,,,,,,,,,0.045889101338432124,,,,,,,,,,,,,,,0.045889101338432124,,,,,,,,,,,,,,,,,,,,,,,,0.045889101338432124,,,,,,,,,,,,,,,,0.045889101338432124,,,,,,
0.25428313796212804,0.34987593052109184,0.29617021276595745,blip2-opt-2.7b,0.19971671388101983,141-262-207-565,2_prompt,False,8,,,,,,,,,,,,,,,,,,,,,,,,,,,,,,,,,,72,25,0.3472222222222222,,,,,,,,,,,,,,,,,,,,,,,,,,,,,,,,,,,,,,,,,,,,,,,,,,,,123,42,0.34146341463414637,,,,,,,,,,,,,,,,,,,,,,,,,,,,,,,,,,,,,,,,,,,,,,,,,,,,157,61,0.3885350318471338,,,,,,,,,,,,,,,,,,,,,,,,,,,,,,,,,,,,,,,,,,,,,,,,,,,,54,13,0.24074074074074073,,,,,,,,,,,,,,,,,,,,,,,,,,,,,,,,,,,,,,,,,,,,,,,,,,,,674,207,0.30712166172106825,,,,,,,,,,,,,,,,,,,,,0.25428313796212804,,,,,,,0.25428313796212804,,,,,,,,,,0.25428313796212804,,,,,,,,0.25428313796212804,,,,,,,0.25428313796212804,,,,,,,,0.25428313796212804,,,,,0.25428313796212804,,,,,0.25428313796212804,,,,,,,0.25428313796212804,,,,,,,,0.25428313796212804,,,,,,,0.25428313796212804,,,,,
0.24394785847299813,0.3250620347394541,0.30360205831903947,blip2-opt-2.7b,0.19523099850968703,131-272-223-540,2_prompt,False,7,,,,,,,,,,,,,,,,,,,,,,,,,,,,,,,,,,72,26,0.3611111111111111,,,,,,,,,,,,,,,,,,,,,,,,,,,,,,,,,,,,,,,,,,,,,,,,,,,,123,34,0.2764227642276423,,,,,,,,,,,,,,,,,,,,,,,,,,,,,,,,,,,,,,,,,,,,,,,,,,,,157,60,0.3821656050955414,,,,,,,,,,,,,,,,,,,,,,,,,,,,,,,,,,,,,,,,,,,,,,,,,,,,54,11,0.2037037037037037,,,,,,,,,,,,,,,,,,,,,,,,,,,,,,,,,,,,,,,,,,,,,,,,,,,,674,223,0.33086053412462907,,,,,,,,,,,,,,,,,,,,,0.24394785847299813,,,,,,,0.24394785847299813,,,,,,,,,,0.24394785847299813,,,,,,,,0.24394785847299813,,,,,,,0.24394785847299813,,,,,,,,0.24394785847299813,,,,,0.24394785847299813,,,,,0.24394785847299813,,,,,,,0.24394785847299813,,,,,,,,0.24394785847299813,,,,,,,0.24394785847299813,,,,,
0.24254090471607317,0.3118811881188119,0.32849829351535836,blip2-opt-2.7b,0.1984251968503937,126-278-259-509,2_prompt,False,6,,,,,,,,,,,,,,,,,,,,,,,,,,,,,,,,,,72,24,0.3333333333333333,,,,,,,,,,,,,,,,,,,,,,,,,,,,,,,,,,,,,,,,,,,,,,,,,,,,123,36,0.2926829268292683,,,,,,,,,,,,,,,,,,,,,,,,,,,,,,,,,,,,,,,,,,,,,,,,,,,,157,58,0.36942675159235666,,,,,,,,,,,,,,,,,,,,,,,,,,,,,,,,,,,,,,,,,,,,,,,,,,,,54,8,0.14814814814814814,,,,,,,,,,,,,,,,,,,,,,,,,,,,,,,,,,,,,,,,,,,,,,,,,,,,674,259,0.38427299703264095,,,,,,,,,,,,,,,,,,,,,0.24254090471607317,,,,,,,0.24254090471607317,,,,,,,,,,0.24254090471607317,,,,,,,,0.24254090471607317,,,,,,,0.24254090471607317,,,,,,,,0.24254090471607317,,,,,0.24254090471607317,,,,,0.24254090471607317,,,,,,,0.24254090471607317,,,,,,,,0.24254090471607317,,,,,,,0.24254090471607317,,,,,
0.2533849129593811,0.32425742574257427,0.33562822719449226,blip2-opt-2.7b,0.20793650793650795,131-273-259-499,2_prompt,False,5,,,,,,,,,,,,,,,,,,,,,,,,,,,,,,,,,,72,23,0.3194444444444444,,,,,,,,,,,,,,,,,,,,,,,,,,,,,,,,,,,,,,,,,,,,,,,,,,,,123,37,0.3008130081300813,,,,,,,,,,,,,,,,,,,,,,,,,,,,,,,,,,,,,,,,,,,,,,,,,,,,157,61,0.3885350318471338,,,,,,,,,,,,,,,,,,,,,,,,,,,,,,,,,,,,,,,,,,,,,,,,,,,,54,10,0.18518518518518517,,,,,,,,,,,,,,,,,,,,,,,,,,,,,,,,,,,,,,,,,,,,,,,,,,,,674,259,0.38427299703264095,,,,,,,,,,,,,,,,,,,,,0.2533849129593811,,,,,,,0.2533849129593811,,,,,,,,,,0.2533849129593811,,,,,,,,0.2533849129593811,,,,,,,0.2533849129593811,,,,,,,,0.2533849129593811,,,,,0.2533849129593811,,,,,0.2533849129593811,,,,,,,0.2533849129593811,,,,,,,,0.2533849129593811,,,,,,,0.2533849129593811,,,,,
0.14825581395348833,0.1259259259259259,0.4744394618834081,blip2-opt-2.7b,0.18021201413427562,51-354-478-232,2_prompt,False,4,,,,,,,,,,,,,,,,,,,,,,,,,,,,,,,,,,72,6,0.08333333333333333,,,,,,,,,,,,,,,,,,,,,,,,,,,,,,,,,,,,,,,,,,,,,,,,,,,,123,13,0.10569105691056911,,,,,,,,,,,,,,,,,,,,,,,,,,,,,,,,,,,,,,,,,,,,,,,,,,,,157,26,0.16560509554140126,,,,,,,,,,,,,,,,,,,,,,,,,,,,,,,,,,,,,,,,,,,,,,,,,,,,54,6,0.1111111111111111,,,,,,,,,,,,,,,,,,,,,,,,,,,,,,,,,,,,,,,,,,,,,,,,,,,,674,478,0.7091988130563798,,,,,,,,,,,,,,,,,,,,,0.14825581395348833,,,,,,,0.14825581395348833,,,,,,,,,,0.14825581395348833,,,,,,,,0.14825581395348833,,,,,,,0.14825581395348833,,,,,,,,0.14825581395348833,,,,,0.14825581395348833,,,,,0.14825581395348833,,,,,,,0.14825581395348833,,,,,,,,0.14825581395348833,,,,,,,0.14825581395348833,,,,,
0.11570247933884298,0.08620689655172414,0.5175834084761046,blip2-opt-2.7b,0.17587939698492464,35-371-539-164,2_prompt,False,3,,,,,,,,,,,,,,,,,,,,,,,,,,,,,,,,,,72,5,0.06944444444444445,,,,,,,,,,,,,,,,,,,,,,,,,,,,,,,,,,,,,,,,,,,,,,,,,,,,123,7,0.056910569105691054,,,,,,,,,,,,,,,,,,,,,,,,,,,,,,,,,,,,,,,,,,,,,,,,,,,,157,17,0.10828025477707007,,,,,,,,,,,,,,,,,,,,,,,,,,,,,,,,,,,,,,,,,,,,,,,,,,,,54,6,0.1111111111111111,,,,,,,,,,,,,,,,,,,,,,,,,,,,,,,,,,,,,,,,,,,,,,,,,,,,674,539,0.7997032640949555,,,,,,,,,,,,,,,,,,,,,0.11570247933884298,,,,,,,0.11570247933884298,,,,,,,,,,0.11570247933884298,,,,,,,,0.11570247933884298,,,,,,,0.11570247933884298,,,,,,,,0.11570247933884298,,,,,0.11570247933884298,,,,,0.11570247933884298,,,,,,,0.11570247933884298,,,,,,,,0.11570247933884298,,,,,,,0.11570247933884298,,,,,
0.09888357256778309,0.07635467980295567,0.4941808415398389,blip2-opt-2.7b,0.14027149321266968,31-375-521-190,2_prompt,False,2,,,,,,,,,,,,,,,,,,,,,,,,,,,,,,,,,,72,3,0.041666666666666664,,,,,,,,,,,,,,,,,,,,,,,,,,,,,,,,,,,,,,,,,,,,,,,,,,,,123,9,0.07317073170731707,,,,,,,,,,,,,,,,,,,,,,,,,,,,,,,,,,,,,,,,,,,,,,,,,,,,157,14,0.08917197452229299,,,,,,,,,,,,,,,,,,,,,,,,,,,,,,,,,,,,,,,,,,,,,,,,,,,,54,5,0.09259259259259259,,,,,,,,,,,,,,,,,,,,,,,,,,,,,,,,,,,,,,,,,,,,,,,,,,,,674,521,0.7729970326409495,,,,,,,,,,,,,,,,,,,,,0.09888357256778309,,,,,,,0.09888357256778309,,,,,,,,,,0.09888357256778309,,,,,,,,0.09888357256778309,,,,,,,0.09888357256778309,,,,,,,,0.09888357256778309,,,,,0.09888357256778309,,,,,0.09888357256778309,,,,,,,0.09888357256778309,,,,,,,,0.09888357256778309,,,,,,,0.09888357256778309,,,,,
0.1946524064171123,0.22580645161290322,0.3575085324232082,blip2-opt-2.7b,0.17105263157894737,91-312-328-441,2_prompt,False,1,,,,,,,,,,,,,,,,,,,,,,,,,,,,,,,,,,72,18,0.25,,,,,,,,,,,,,,,,,,,,,,,,,,,,,,,,,,,,,,,,,,,,,,,,,,,,123,37,0.3008130081300813,,,,,,,,,,,,,,,,,,,,,,,,,,,,,,,,,,,,,,,,,,,,,,,,,,,,157,31,0.19745222929936307,,,,,,,,,,,,,,,,,,,,,,,,,,,,,,,,,,,,,,,,,,,,,,,,,,,,54,5,0.09259259259259259,,,,,,,,,,,,,,,,,,,,,,,,,,,,,,,,,,,,,,,,,,,,,,,,,,,,674,328,0.486646884272997,,,,,,,,,,,,,,,,,,,,,0.1946524064171123,,,,,,,0.1946524064171123,,,,,,,,,,0.1946524064171123,,,,,,,,0.1946524064171123,,,,,,,0.1946524064171123,,,,,,,,0.1946524064171123,,,,,0.1946524064171123,,,,,0.1946524064171123,,,,,,,0.1946524064171123,,,,,,,,0.1946524064171123,,,,,,,0.1946524064171123,,,,,
0.004597701149425287,0.0024630541871921183,0.6023875114784206,blip2-opt-2.7b,0.034482758620689655,1-405-655-28,2_prompt,False,0,,,,,,,,,,,,,,,,,,,,,,,,,,,,,,,,,,72,0,0.0,,,,,,,,,,,,,,,,,,,,,,,,,,,,,,,,,,,,,,,,,,,,,,,,,,,,123,0,0.0,,,,,,,,,,,,,,,,,,,,,,,,,,,,,,,,,,,,,,,,,,,,,,,,,,,,157,1,0.006369426751592357,,,,,,,,,,,,,,,,,,,,,,,,,,,,,,,,,,,,,,,,,,,,,,,,,,,,54,0,0.0,,,,,,,,,,,,,,,,,,,,,,,,,,,,,,,,,,,,,,,,,,,,,,,,,,,,674,655,0.9718100890207715,,,,,,,,,,,,,,,,,,,,,0.004597701149425287,,,,,,,0.004597701149425287,,,,,,,,,,0.004597701149425287,,,,,,,,0.004597701149425287,,,,,,,0.004597701149425287,,,,,,,,0.004597701149425287,,,,,0.004597701149425287,,,,,0.004597701149425287,,,,,,,0.004597701149425287,,,,,,,,0.004597701149425287,,,,,,,0.004597701149425287,,,,,
0.23552123552123555,0.30198019801980197,0.3230769230769231,blip2-opt-2.7b,0.1930379746835443,122-282-256-510,2_prompt,True,8,,,,,,,72,24,0.3333333333333333,,,,,,,,,,,,,,,,,,,,,,,,,,,,,,,,,,,,,,,,,,,,,,,,,,,,123,35,0.2845528455284553,,,,,,,,,,,,,,,,,,,,,,,,,,,,,,,,,,,,,,,,,,,,,,,,,,,,157,50,0.3184713375796178,,,,,,,,,,,,,,,,,,,,,,,,,,,,,,,,,,,,,,,,,,,,,,,,,,,,54,13,0.24074074074074073,,,,,,,,,,,,,,,,,,,,,,,,,,,,,,,,,,,,,,,,,,,,,,,,,,,,674,256,0.3798219584569733,,,,,,,,,,,,,,,,,,,,,,,,,,,,,,,,,,,,,,,,,,,,,,,,,,,,,,,,0.23552123552123555,,,,,,,,,,0.23552123552123555,,,,,,,,,,,,,,,0.23552123552123555,,,,,,,,,,,,,,,,,,,,,,,,,0.23552123552123555,,,,,,,,,,,,,,,0.23552123552123555,,,,
0.2209188660801564,0.27970297029702973,0.3188034188034188,blip2-opt-2.7b,0.1825525040387722,113-291-260-506,2_prompt,True,7,,,,,,,72,26,0.3611111111111111,,,,,,,,,,,,,,,,,,,,,,,,,,,,,,,,,,,,,,,,,,,,,,,,,,,,123,25,0.2032520325203252,,,,,,,,,,,,,,,,,,,,,,,,,,,,,,,,,,,,,,,,,,,,,,,,,,,,157,52,0.33121019108280253,,,,,,,,,,,,,,,,,,,,,,,,,,,,,,,,,,,,,,,,,,,,,,,,,,,,54,10,0.18518518518518517,,,,,,,,,,,,,,,,,,,,,,,,,,,,,,,,,,,,,,,,,,,,,,,,,,,,674,260,0.3857566765578635,,,,,,,,,,,,,,,,,,,,,,,,,,,,,,,,,,,,,,,,,,,,,,,,,,,,,,,,0.2209188660801564,,,,,,,,,,0.2209188660801564,,,,,,,,,,,,,,,0.2209188660801564,,,,,,,,,,,,,,,,,,,,,,,,,0.2209188660801564,,,,,,,,,,,,,,,0.2209188660801564,,,,
0.2222222222222222,0.2722772277227723,0.3384879725085911,blip2-opt-2.7b,0.18771331058020477,110-294-284-476,2_prompt,True,6,,,,,,,72,25,0.3472222222222222,,,,,,,,,,,,,,,,,,,,,,,,,,,,,,,,,,,,,,,,,,,,,,,,,,,,123,23,0.18699186991869918,,,,,,,,,,,,,,,,,,,,,,,,,,,,,,,,,,,,,,,,,,,,,,,,,,,,157,54,0.34394904458598724,,,,,,,,,,,,,,,,,,,,,,,,,,,,,,,,,,,,,,,,,,,,,,,,,,,,54,8,0.14814814814814814,,,,,,,,,,,,,,,,,,,,,,,,,,,,,,,,,,,,,,,,,,,,,,,,,,,,674,284,0.42136498516320475,,,,,,,,,,,,,,,,,,,,,,,,,,,,,,,,,,,,,,,,,,,,,,,,,,,,,,,,0.2222222222222222,,,,,,,,,,0.2222222222222222,,,,,,,,,,,,,,,0.2222222222222222,,,,,,,,,,,,,,,,,,,,,,,,,0.2222222222222222,,,,,,,,,,,,,,,0.2222222222222222,,,,
0.2259663032705649,0.28217821782178215,0.3290378006872852,blip2-opt-2.7b,0.1884297520661157,114-290-269-491,2_prompt,True,5,,,,,,,72,24,0.3333333333333333,,,,,,,,,,,,,,,,,,,,,,,,,,,,,,,,,,,,,,,,,,,,,,,,,,,,123,26,0.21138211382113822,,,,,,,,,,,,,,,,,,,,,,,,,,,,,,,,,,,,,,,,,,,,,,,,,,,,157,53,0.3375796178343949,,,,,,,,,,,,,,,,,,,,,,,,,,,,,,,,,,,,,,,,,,,,,,,,,,,,54,11,0.2037037037037037,,,,,,,,,,,,,,,,,,,,,,,,,,,,,,,,,,,,,,,,,,,,,,,,,,,,674,269,0.3991097922848665,,,,,,,,,,,,,,,,,,,,,,,,,,,,,,,,,,,,,,,,,,,,,,,,,,,,,,,,0.2259663032705649,,,,,,,,,,0.2259663032705649,,,,,,,,,,,,,,,0.2259663032705649,,,,,,,,,,,,,,,,,,,,,,,,,0.2259663032705649,,,,,,,,,,,,,,,0.2259663032705649,,,,
0.1981132075471698,0.2079207920792079,0.40507436570428695,blip2-opt-2.7b,0.1891891891891892,84-320-379-360,2_prompt,True,4,,,,,,,72,13,0.18055555555555555,,,,,,,,,,,,,,,,,,,,,,,,,,,,,,,,,,,,,,,,,,,,,,,,,,,,123,19,0.15447154471544716,,,,,,,,,,,,,,,,,,,,,,,,,,,,,,,,,,,,,,,,,,,,,,,,,,,,157,42,0.267515923566879,,,,,,,,,,,,,,,,,,,,,,,,,,,,,,,,,,,,,,,,,,,,,,,,,,,,54,10,0.18518518518518517,,,,,,,,,,,,,,,,,,,,,,,,,,,,,,,,,,,,,,,,,,,,,,,,,,,,674,379,0.5623145400593472,,,,,,,,,,,,,,,,,,,,,,,,,,,,,,,,,,,,,,,,,,,,,,,,,,,,,,,,0.1981132075471698,,,,,,,,,,0.1981132075471698,,,,,,,,,,,,,,,0.1981132075471698,,,,,,,,,,,,,,,,,,,,,,,,,0.1981132075471698,,,,,,,,,,,,,,,0.1981132075471698,,,,
0.19324796274738068,0.20493827160493827,0.3958151700087184,blip2-opt-2.7b,0.1828193832599119,83-322-371-371,2_prompt,True,3,,,,,,,72,12,0.16666666666666666,,,,,,,,,,,,,,,,,,,,,,,,,,,,,,,,,,,,,,,,,,,,,,,,,,,,123,20,0.16260162601626016,,,,,,,,,,,,,,,,,,,,,,,,,,,,,,,,,,,,,,,,,,,,,,,,,,,,157,44,0.2802547770700637,,,,,,,,,,,,,,,,,,,,,,,,,,,,,,,,,,,,,,,,,,,,,,,,,,,,54,7,0.12962962962962962,,,,,,,,,,,,,,,,,,,,,,,,,,,,,,,,,,,,,,,,,,,,,,,,,,,,674,371,0.5504451038575667,,,,,,,,,,,,,,,,,,,,,,,,,,,,,,,,,,,,,,,,,,,,,,,,,,,,,,,,0.19324796274738068,,,,,,,,,,0.19324796274738068,,,,,,,,,,,,,,,0.19324796274738068,,,,,,,,,,,,,,,,,,,,,,,,,0.19324796274738068,,,,,,,,,,,,,,,0.19324796274738068,,,,
0.15645371577574965,0.1485148514851485,0.4339457567804024,blip2-opt-2.7b,0.1652892561983471,60-344-436-303,2_prompt,True,2,,,,,,,72,13,0.18055555555555555,,,,,,,,,,,,,,,,,,,,,,,,,,,,,,,,,,,,,,,,,,,,,,,,,,,,123,11,0.08943089430894309,,,,,,,,,,,,,,,,,,,,,,,,,,,,,,,,,,,,,,,,,,,,,,,,,,,,157,31,0.19745222929936307,,,,,,,,,,,,,,,,,,,,,,,,,,,,,,,,,,,,,,,,,,,,,,,,,,,,54,5,0.09259259259259259,,,,,,,,,,,,,,,,,,,,,,,,,,,,,,,,,,,,,,,,,,,,,,,,,,,,674,436,0.6468842729970327,,,,,,,,,,,,,,,,,,,,,,,,,,,,,,,,,,,,,,,,,,,,,,,,,,,,,,,,0.15645371577574965,,,,,,,,,,0.15645371577574965,,,,,,,,,,,,,,,0.15645371577574965,,,,,,,,,,,,,,,,,,,,,,,,,0.15645371577574965,,,,,,,,,,,,,,,0.15645371577574965,,,,
0.19588875453446195,0.2,0.42324371205550737,blip2-opt-2.7b,0.19194312796208532,81-324-407-341,2_prompt,True,1,,,,,,,72,20,0.2777777777777778,,,,,,,,,,,,,,,,,,,,,,,,,,,,,,,,,,,,,,,,,,,,,,,,,,,,123,28,0.22764227642276422,,,,,,,,,,,,,,,,,,,,,,,,,,,,,,,,,,,,,,,,,,,,,,,,,,,,157,28,0.17834394904458598,,,,,,,,,,,,,,,,,,,,,,,,,,,,,,,,,,,,,,,,,,,,,,,,,,,,54,5,0.09259259259259259,,,,,,,,,,,,,,,,,,,,,,,,,,,,,,,,,,,,,,,,,,,,,,,,,,,,674,407,0.6038575667655787,,,,,,,,,,,,,,,,,,,,,,,,,,,,,,,,,,,,,,,,,,,,,,,,,,,,,,,,0.19588875453446195,,,,,,,,,,0.19588875453446195,,,,,,,,,,,,,,,0.19588875453446195,,,,,,,,,,,,,,,,,,,,,,,,,0.19588875453446195,,,,,,,,,,,,,,,0.19588875453446195,,,,
0.01762114537444934,0.009852216748768473,0.593065693430657,blip2-opt-2.7b,0.08333333333333333,4-402-646-44,2_prompt,True,0,,,,,,,72,1,0.013888888888888888,,,,,,,,,,,,,,,,,,,,,,,,,,,,,,,,,,,,,,,,,,,,,,,,,,,,123,1,0.008130081300813009,,,,,,,,,,,,,,,,,,,,,,,,,,,,,,,,,,,,,,,,,,,,,,,,,,,,157,2,0.012738853503184714,,,,,,,,,,,,,,,,,,,,,,,,,,,,,,,,,,,,,,,,,,,,,,,,,,,,54,0,0.0,,,,,,,,,,,,,,,,,,,,,,,,,,,,,,,,,,,,,,,,,,,,,,,,,,,,674,646,0.9584569732937686,,,,,,,,,,,,,,,,,,,,,,,,,,,,,,,,,,,,,,,,,,,,,,,,,,,,,,,,0.01762114537444934,,,,,,,,,,0.01762114537444934,,,,,,,,,,,,,,,0.01762114537444934,,,,,,,,,,,,,,,,,,,,,,,,,0.01762114537444934,,,,,,,,,,,,,,,0.01762114537444934,,,,
0.268788682581786,0.3781094527363184,0.29796264855687604,blip2-opt-2.7b,0.2085048010973937,152-250-199-577,3_prompt,False,8,,,,,,,,,,,,,,,,,,,,,,,,,,,,,,,,,,,,,72,25,0.3472222222222222,,,,,,,,,,,,,,,,,,,,,,,,,,,,,,,,,,,,,,,,,,,,,,,,,,,,123,48,0.3902439024390244,,,,,,,,,,,,,,,,,,,,,,,,,,,,,,,,,,,,,,,,,,,,,,,,,,,,157,64,0.40764331210191085,,,,,,,,,,,,,,,,,,,,,,,,,,,,,,,,,,,,,,,,,,,,,,,,,,,,54,15,0.2777777777777778,,,,,,,,,,,,,,,,,,,,,,,,,,,,,,,,,,,,,,,,,,,,,,,,,,,,674,199,0.2952522255192878,,,,,,,,,,,,,,,,,,,0.268788682581786,,,,,,,,0.268788682581786,,,,,,,,,,0.268788682581786,,,,,,,0.268788682581786,,,,,,,,0.268788682581786,,,,,,,0.268788682581786,,,,,0.268788682581786,,,,,0.268788682581786,,,,,,,,0.268788682581786,,,,,,,0.268788682581786,,,,,,,,0.268788682581786,,,
0.30205540661304736,0.42039800995024873,0.3273040482342808,blip2-opt-2.7b,0.23570432357043236,169-233-211-548,3_prompt,False,7,,,,,,,,,,,,,,,,,,,,,,,,,,,,,,,,,,,,,72,32,0.4444444444444444,,,,,,,,,,,,,,,,,,,,,,,,,,,,,,,,,,,,,,,,,,,,,,,,,,,,123,48,0.3902439024390244,,,,,,,,,,,,,,,,,,,,,,,,,,,,,,,,,,,,,,,,,,,,,,,,,,,,157,75,0.47770700636942676,,,,,,,,,,,,,,,,,,,,,,,,,,,,,,,,,,,,,,,,,,,,,,,,,,,,54,14,0.25925925925925924,,,,,,,,,,,,,,,,,,,,,,,,,,,,,,,,,,,,,,,,,,,,,,,,,,,,674,211,0.31305637982195844,,,,,,,,,,,,,,,,,,,0.30205540661304736,,,,,,,,0.30205540661304736,,,,,,,,,,0.30205540661304736,,,,,,,0.30205540661304736,,,,,,,,0.30205540661304736,,,,,,,0.30205540661304736,,,,,0.30205540661304736,,,,,0.30205540661304736,,,,,,,,0.30205540661304736,,,,,,,0.30205540661304736,,,,,,,,0.30205540661304736,,,
0.2951111111111111,0.4129353233830846,0.3285351397121084,blip2-opt-2.7b,0.22959889349930843,166-236-222-557,3_prompt,False,6,,,,,,,,,,,,,,,,,,,,,,,,,,,,,,,,,,,,,72,30,0.4166666666666667,,,,,,,,,,,,,,,,,,,,,,,,,,,,,,,,,,,,,,,,,,,,,,,,,,,,123,48,0.3902439024390244,,,,,,,,,,,,,,,,,,,,,,,,,,,,,,,,,,,,,,,,,,,,,,,,,,,,157,73,0.46496815286624205,,,,,,,,,,,,,,,,,,,,,,,,,,,,,,,,,,,,,,,,,,,,,,,,,,,,54,15,0.2777777777777778,,,,,,,,,,,,,,,,,,,,,,,,,,,,,,,,,,,,,,,,,,,,,,,,,,,,674,222,0.3293768545994065,,,,,,,,,,,,,,,,,,,0.2951111111111111,,,,,,,,0.2951111111111111,,,,,,,,,,0.2951111111111111,,,,,,,0.2951111111111111,,,,,,,,0.2951111111111111,,,,,,,0.2951111111111111,,,,,0.2951111111111111,,,,,0.2951111111111111,,,,,,,,0.2951111111111111,,,,,,,0.2951111111111111,,,,,,,,0.2951111111111111,,,
0.289134438305709,0.38957816377171217,0.339041095890411,blip2-opt-2.7b,0.22986822840409957,157-246-239-526,3_prompt,False,5,,,,,,,,,,,,,,,,,,,,,,,,,,,,,,,,,,,,,72,30,0.4166666666666667,,,,,,,,,,,,,,,,,,,,,,,,,,,,,,,,,,,,,,,,,,,,,,,,,,,,123,46,0.37398373983739835,,,,,,,,,,,,,,,,,,,,,,,,,,,,,,,,,,,,,,,,,,,,,,,,,,,,157,69,0.4394904458598726,,,,,,,,,,,,,,,,,,,,,,,,,,,,,,,,,,,,,,,,,,,,,,,,,,,,54,12,0.2222222222222222,,,,,,,,,,,,,,,,,,,,,,,,,,,,,,,,,,,,,,,,,,,,,,,,,,,,674,239,0.3545994065281899,,,,,,,,,,,,,,,,,,,0.289134438305709,,,,,,,,0.289134438305709,,,,,,,,,,0.289134438305709,,,,,,,0.289134438305709,,,,,,,,0.289134438305709,,,,,,,0.289134438305709,,,,,0.289134438305709,,,,,0.289134438305709,,,,,,,,0.289134438305709,,,,,,,0.289134438305709,,,,,,,,0.289134438305709,,,
0.27326732673267323,0.3424317617866005,0.3633998265394623,blip2-opt-2.7b,0.2273476112026359,138-265-281-469,3_prompt,False,4,,,,,,,,,,,,,,,,,,,,,,,,,,,,,,,,,,,,,72,24,0.3333333333333333,,,,,,,,,,,,,,,,,,,,,,,,,,,,,,,,,,,,,,,,,,,,,,,,,,,,123,43,0.34959349593495936,,,,,,,,,,,,,,,,,,,,,,,,,,,,,,,,,,,,,,,,,,,,,,,,,,,,157,61,0.3885350318471338,,,,,,,,,,,,,,,,,,,,,,,,,,,,,,,,,,,,,,,,,,,,,,,,,,,,54,10,0.18518518518518517,,,,,,,,,,,,,,,,,,,,,,,,,,,,,,,,,,,,,,,,,,,,,,,,,,,,674,281,0.4169139465875371,,,,,,,,,,,,,,,,,,,0.27326732673267323,,,,,,,,0.27326732673267323,,,,,,,,,,0.27326732673267323,,,,,,,0.27326732673267323,,,,,,,,0.27326732673267323,,,,,,,0.27326732673267323,,,,,0.27326732673267323,,,,,0.27326732673267323,,,,,,,,0.27326732673267323,,,,,,,0.27326732673267323,,,,,,,,0.27326732673267323,,,
0.23908045977011494,0.25742574257425743,0.41519434628975266,blip2-opt-2.7b,0.22317596566523606,104-300-366-362,3_prompt,False,3,,,,,,,,,,,,,,,,,,,,,,,,,,,,,,,,,,,,,72,15,0.20833333333333334,,,,,,,,,,,,,,,,,,,,,,,,,,,,,,,,,,,,,,,,,,,,,,,,,,,,123,27,0.21951219512195122,,,,,,,,,,,,,,,,,,,,,,,,,,,,,,,,,,,,,,,,,,,,,,,,,,,,157,50,0.3184713375796178,,,,,,,,,,,,,,,,,,,,,,,,,,,,,,,,,,,,,,,,,,,,,,,,,,,,54,12,0.2222222222222222,,,,,,,,,,,,,,,,,,,,,,,,,,,,,,,,,,,,,,,,,,,,,,,,,,,,674,366,0.543026706231454,,,,,,,,,,,,,,,,,,,0.23908045977011494,,,,,,,,0.23908045977011494,,,,,,,,,,0.23908045977011494,,,,,,,0.23908045977011494,,,,,,,,0.23908045977011494,,,,,,,0.23908045977011494,,,,,0.23908045977011494,,,,,0.23908045977011494,,,,,,,,0.23908045977011494,,,,,,,0.23908045977011494,,,,,,,,0.23908045977011494,,,
0.17110799438990185,0.15024630541871922,0.47137745974955275,blip2-opt-2.7b,0.1986970684039088,61-345-466-246,3_prompt,False,2,,,,,,,,,,,,,,,,,,,,,,,,,,,,,,,,,,,,,72,14,0.19444444444444445,,,,,,,,,,,,,,,,,,,,,,,,,,,,,,,,,,,,,,,,,,,,,,,,,,,,123,19,0.15447154471544716,,,,,,,,,,,,,,,,,,,,,,,,,,,,,,,,,,,,,,,,,,,,,,,,,,,,157,24,0.15286624203821655,,,,,,,,,,,,,,,,,,,,,,,,,,,,,,,,,,,,,,,,,,,,,,,,,,,,54,4,0.07407407407407407,,,,,,,,,,,,,,,,,,,,,,,,,,,,,,,,,,,,,,,,,,,,,,,,,,,,674,466,0.6913946587537092,,,,,,,,,,,,,,,,,,,0.17110799438990185,,,,,,,,0.17110799438990185,,,,,,,,,,0.17110799438990185,,,,,,,0.17110799438990185,,,,,,,,0.17110799438990185,,,,,,,0.17110799438990185,,,,,0.17110799438990185,,,,,0.17110799438990185,,,,,,,,0.17110799438990185,,,,,,,0.17110799438990185,,,,,,,,0.17110799438990185,,,
0.2441025641025641,0.29455445544554454,0.364106988783434,blip2-opt-2.7b,0.2084063047285464,119-285-303-452,3_prompt,False,1,,,,,,,,,,,,,,,,,,,,,,,,,,,,,,,,,,,,,72,22,0.3055555555555556,,,,,,,,,,,,,,,,,,,,,,,,,,,,,,,,,,,,,,,,,,,,,,,,,,,,123,49,0.3983739837398374,,,,,,,,,,,,,,,,,,,,,,,,,,,,,,,,,,,,,,,,,,,,,,,,,,,,157,41,0.2611464968152866,,,,,,,,,,,,,,,,,,,,,,,,,,,,,,,,,,,,,,,,,,,,,,,,,,,,54,7,0.12962962962962962,,,,,,,,,,,,,,,,,,,,,,,,,,,,,,,,,,,,,,,,,,,,,,,,,,,,674,303,0.4495548961424332,,,,,,,,,,,,,,,,,,,0.2441025641025641,,,,,,,,0.2441025641025641,,,,,,,,,,0.2441025641025641,,,,,,,0.2441025641025641,,,,,,,,0.2441025641025641,,,,,,,0.2441025641025641,,,,,0.2441025641025641,,,,,0.2441025641025641,,,,,,,,0.2441025641025641,,,,,,,0.2441025641025641,,,,,,,,0.2441025641025641,,,
0.0136986301369863,0.007389162561576354,0.6022099447513812,blip2-opt-2.7b,0.09375,3-403-651-29,3_prompt,False,0,,,,,,,,,,,,,,,,,,,,,,,,,,,,,,,,,,,,,72,1,0.013888888888888888,,,,,,,,,,,,,,,,,,,,,,,,,,,,,,,,,,,,,,,,,,,,,,,,,,,,123,2,0.016260162601626018,,,,,,,,,,,,,,,,,,,,,,,,,,,,,,,,,,,,,,,,,,,,,,,,,,,,157,0,0.0,,,,,,,,,,,,,,,,,,,,,,,,,,,,,,,,,,,,,,,,,,,,,,,,,,,,54,0,0.0,,,,,,,,,,,,,,,,,,,,,,,,,,,,,,,,,,,,,,,,,,,,,,,,,,,,674,651,0.9658753709198813,,,,,,,,,,,,,,,,,,,0.0136986301369863,,,,,,,,0.0136986301369863,,,,,,,,,,0.0136986301369863,,,,,,,0.0136986301369863,,,,,,,,0.0136986301369863,,,,,,,0.0136986301369863,,,,,0.0136986301369863,,,,,0.0136986301369863,,,,,,,,0.0136986301369863,,,,,,,0.0136986301369863,,,,,,,,0.0136986301369863,,,
0.2559694364851958,0.3316831683168317,0.33075601374570446,blip2-opt-2.7b,0.208398133748056,134-270-251-509,3_prompt,True,8,,,,,,,,,,72,25,0.3472222222222222,,,,,,,,,,,,,,,,,,,,,,,,,,,,,,,,,,,,,,,,,,,,,,,,,,,,123,38,0.3089430894308943,,,,,,,,,,,,,,,,,,,,,,,,,,,,,,,,,,,,,,,,,,,,,,,,,,,,157,56,0.35668789808917195,,,,,,,,,,,,,,,,,,,,,,,,,,,,,,,,,,,,,,,,,,,,,,,,,,,,54,15,0.2777777777777778,,,,,,,,,,,,,,,,,,,,,,,,,,,,,,,,,,,,,,,,,,,,,,,,,,,,674,251,0.3724035608308605,,,,,,,,,,,,,,,,,,,,,,,,,,,,,,,,,,,,,,,,,,,,,,,,,,,,,,,0.2559694364851958,,,,,,,,,,0.2559694364851958,,,,,,,,,,,,,,,0.2559694364851958,,,,,,,,,,,,,,,,,,,,,,,,,0.2559694364851958,,,,,,,,,,,,,,,0.2559694364851958,,
0.2664129400570885,0.3465346534653465,0.33477135461604834,blip2-opt-2.7b,0.21638330757341576,140-264-248-507,3_prompt,True,7,,,,,,,,,,72,27,0.375,,,,,,,,,,,,,,,,,,,,,,,,,,,,,,,,,,,,,,,,,,,,,,,,,,,,123,39,0.3170731707317073,,,,,,,,,,,,,,,,,,,,,,,,,,,,,,,,,,,,,,,,,,,,,,,,,,,,157,61,0.3885350318471338,,,,,,,,,,,,,,,,,,,,,,,,,,,,,,,,,,,,,,,,,,,,,,,,,,,,54,13,0.24074074074074073,,,,,,,,,,,,,,,,,,,,,,,,,,,,,,,,,,,,,,,,,,,,,,,,,,,,674,248,0.36795252225519287,,,,,,,,,,,,,,,,,,,,,,,,,,,,,,,,,,,,,,,,,,,,,,,,,,,,,,,0.2664129400570885,,,,,,,,,,0.2664129400570885,,,,,,,,,,,,,,,0.2664129400570885,,,,,,,,,,,,,,,,,,,,,,,,,0.2664129400570885,,,,,,,,,,,,,,,0.2664129400570885,,
0.25387596899224807,0.32425742574257427,0.33962264150943394,blip2-opt-2.7b,0.2085987261146497,131-273-265-497,3_prompt,True,6,,,,,,,,,,72,27,0.375,,,,,,,,,,,,,,,,,,,,,,,,,,,,,,,,,,,,,,,,,,,,,,,,,,,,123,34,0.2764227642276423,,,,,,,,,,,,,,,,,,,,,,,,,,,,,,,,,,,,,,,,,,,,,,,,,,,,157,57,0.3630573248407643,,,,,,,,,,,,,,,,,,,,,,,,,,,,,,,,,,,,,,,,,,,,,,,,,,,,54,13,0.24074074074074073,,,,,,,,,,,,,,,,,,,,,,,,,,,,,,,,,,,,,,,,,,,,,,,,,,,,674,265,0.39317507418397624,,,,,,,,,,,,,,,,,,,,,,,,,,,,,,,,,,,,,,,,,,,,,,,,,,,,,,,0.25387596899224807,,,,,,,,,,0.25387596899224807,,,,,,,,,,,,,,,0.25387596899224807,,,,,,,,,,,,,,,,,,,,,,,,,0.25387596899224807,,,,,,,,,,,,,,,0.25387596899224807,,
0.274703557312253,0.34405940594059403,0.36724137931034484,blip2-opt-2.7b,0.22861842105263158,139-265-287-469,3_prompt,True,5,,,,,,,,,,72,28,0.3888888888888889,,,,,,,,,,,,,,,,,,,,,,,,,,,,,,,,,,,,,,,,,,,,,,,,,,,,123,38,0.3089430894308943,,,,,,,,,,,,,,,,,,,,,,,,,,,,,,,,,,,,,,,,,,,,,,,,,,,,157,62,0.39490445859872614,,,,,,,,,,,,,,,,,,,,,,,,,,,,,,,,,,,,,,,,,,,,,,,,,,,,54,11,0.2037037037037037,,,,,,,,,,,,,,,,,,,,,,,,,,,,,,,,,,,,,,,,,,,,,,,,,,,,674,287,0.4258160237388724,,,,,,,,,,,,,,,,,,,,,,,,,,,,,,,,,,,,,,,,,,,,,,,,,,,,,,,0.274703557312253,,,,,,,,,,0.274703557312253,,,,,,,,,,,,,,,0.274703557312253,,,,,,,,,,,,,,,,,,,,,,,,,0.274703557312253,,,,,,,,,,,,,,,0.274703557312253,,
0.24894514767932488,0.29280397022332505,0.3808695652173913,blip2-opt-2.7b,0.21651376146788992,118-285-320-427,3_prompt,True,4,,,,,,,,,,72,24,0.3333333333333333,,,,,,,,,,,,,,,,,,,,,,,,,,,,,,,,,,,,,,,,,,,,,,,,,,,,123,32,0.2601626016260163,,,,,,,,,,,,,,,,,,,,,,,,,,,,,,,,,,,,,,,,,,,,,,,,,,,,157,54,0.34394904458598724,,,,,,,,,,,,,,,,,,,,,,,,,,,,,,,,,,,,,,,,,,,,,,,,,,,,54,8,0.14814814814814814,,,,,,,,,,,,,,,,,,,,,,,,,,,,,,,,,,,,,,,,,,,,,,,,,,,,674,320,0.47477744807121663,,,,,,,,,,,,,,,,,,,,,,,,,,,,,,,,,,,,,,,,,,,,,,,,,,,,,,,0.24894514767932488,,,,,,,,,,0.24894514767932488,,,,,,,,,,,,,,,0.24894514767932488,,,,,,,,,,,,,,,,,,,,,,,,,0.24894514767932488,,,,,,,,,,,,,,,0.24894514767932488,,
0.23820224719101124,0.2630272952853598,0.4052631578947368,blip2-opt-2.7b,0.21765913757700206,106-297-356-381,3_prompt,True,3,,,,,,,,,,72,19,0.2638888888888889,,,,,,,,,,,,,,,,,,,,,,,,,,,,,,,,,,,,,,,,,,,,,,,,,,,,123,23,0.18699186991869918,,,,,,,,,,,,,,,,,,,,,,,,,,,,,,,,,,,,,,,,,,,,,,,,,,,,157,53,0.3375796178343949,,,,,,,,,,,,,,,,,,,,,,,,,,,,,,,,,,,,,,,,,,,,,,,,,,,,54,11,0.2037037037037037,,,,,,,,,,,,,,,,,,,,,,,,,,,,,,,,,,,,,,,,,,,,,,,,,,,,674,356,0.5281899109792285,,,,,,,,,,,,,,,,,,,,,,,,,,,,,,,,,,,,,,,,,,,,,,,,,,,,,,,0.23820224719101124,,,,,,,,,,0.23820224719101124,,,,,,,,,,,,,,,0.23820224719101124,,,,,,,,,,,,,,,,,,,,,,,,,0.23820224719101124,,,,,,,,,,,,,,,0.23820224719101124,,
0.18616352201257866,0.18316831683168316,0.4329535495179667,blip2-opt-2.7b,0.18925831202046037,74-330-420-317,3_prompt,True,2,,,,,,,,,,72,18,0.25,,,,,,,,,,,,,,,,,,,,,,,,,,,,,,,,,,,,,,,,,,,,,,,,,,,,123,17,0.13821138211382114,,,,,,,,,,,,,,,,,,,,,,,,,,,,,,,,,,,,,,,,,,,,,,,,,,,,157,34,0.21656050955414013,,,,,,,,,,,,,,,,,,,,,,,,,,,,,,,,,,,,,,,,,,,,,,,,,,,,54,5,0.09259259259259259,,,,,,,,,,,,,,,,,,,,,,,,,,,,,,,,,,,,,,,,,,,,,,,,,,,,674,420,0.6231454005934718,,,,,,,,,,,,,,,,,,,,,,,,,,,,,,,,,,,,,,,,,,,,,,,,,,,,,,,0.18616352201257866,,,,,,,,,,0.18616352201257866,,,,,,,,,,,,,,,0.18616352201257866,,,,,,,,,,,,,,,,,,,,,,,,,0.18616352201257866,,,,,,,,,,,,,,,0.18616352201257866,,
0.2077012835472579,0.2202970297029703,0.40956521739130436,blip2-opt-2.7b,0.19646799116997793,89-315-382-364,3_prompt,True,1,,,,,,,,,,72,22,0.3055555555555556,,,,,,,,,,,,,,,,,,,,,,,,,,,,,,,,,,,,,,,,,,,,,,,,,,,,123,32,0.2601626016260163,,,,,,,,,,,,,,,,,,,,,,,,,,,,,,,,,,,,,,,,,,,,,,,,,,,,157,28,0.17834394904458598,,,,,,,,,,,,,,,,,,,,,,,,,,,,,,,,,,,,,,,,,,,,,,,,,,,,54,7,0.12962962962962962,,,,,,,,,,,,,,,,,,,,,,,,,,,,,,,,,,,,,,,,,,,,,,,,,,,,674,382,0.5667655786350149,,,,,,,,,,,,,,,,,,,,,,,,,,,,,,,,,,,,,,,,,,,,,,,,,,,,,,,0.2077012835472579,,,,,,,,,,0.2077012835472579,,,,,,,,,,,,,,,0.2077012835472579,,,,,,,,,,,,,,,,,,,,,,,,,0.2077012835472579,,,,,,,,,,,,,,,0.2077012835472579,,
0.04040404040404041,0.024630541871921183,0.5693563009972802,blip2-opt-2.7b,0.11235955056179775,10-396-618-79,3_prompt,True,0,,,,,,,,,,72,2,0.027777777777777776,,,,,,,,,,,,,,,,,,,,,,,,,,,,,,,,,,,,,,,,,,,,,,,,,,,,123,2,0.016260162601626018,,,,,,,,,,,,,,,,,,,,,,,,,,,,,,,,,,,,,,,,,,,,,,,,,,,,157,6,0.03821656050955414,,,,,,,,,,,,,,,,,,,,,,,,,,,,,,,,,,,,,,,,,,,,,,,,,,,,54,0,0.0,,,,,,,,,,,,,,,,,,,,,,,,,,,,,,,,,,,,,,,,,,,,,,,,,,,,674,618,0.9169139465875371,,,,,,,,,,,,,,,,,,,,,,,,,,,,,,,,,,,,,,,,,,,,,,,,,,,,,,,0.04040404040404041,,,,,,,,,,0.04040404040404041,,,,,,,,,,,,,,,0.04040404040404041,,,,,,,,,,,,,,,,,,,,,,,,,0.04040404040404041,,,,,,,,,,,,,,,0.04040404040404041,,
0.26200873362445415,0.37220843672456577,0.28631756756756754,blip2-opt-2.7b,0.20215633423180593,150-253-189-592,1_prompt,False,8,,,,,,,,,,,,,,,,,,,,,,,,,,,,,,,72,25,0.3472222222222222,,,,,,,,,,,,,,,,,,,,,,,,,,,,,,,,,,,,,,,,,,,,,,,,,,,,123,46,0.37398373983739835,,,,,,,,,,,,,,,,,,,,,,,,,,,,,,,,,,,,,,,,,,,,,,,,,,,,157,66,0.42038216560509556,,,,,,,,,,,,,,,,,,,,,,,,,,,,,,,,,,,,,,,,,,,,,,,,,,,,54,13,0.24074074074074073,,,,,,,,,,,,,,,,,,,,,,,,,,,,,,,,,,,,,,,,,,,,,,,,,,,,674,189,0.28041543026706234,,,,,,,,,,,,,,,,,,,,,,,,,,0.26200873362445415,,,,,,,,,0.26200873362445415,,,,,,,,,,0.26200873362445415,,,,,,0.26200873362445415,,,,,,,,,0.26200873362445415,,,,,,0.26200873362445415,,,,,0.26200873362445415,,,,,0.26200873362445415,,,,,,,,,0.26200873362445415,,,,,,0.26200873362445415,,,,,,,,,0.26200873362445415,
0.2656960873521383,0.36228287841191065,0.30848329048843187,blip2-opt-2.7b,0.20977011494252873,146-257-214-550,1_prompt,False,7,,,,,,,,,,,,,,,,,,,,,,,,,,,,,,,72,26,0.3611111111111111,,,,,,,,,,,,,,,,,,,,,,,,,,,,,,,,,,,,,,,,,,,,,,,,,,,,123,41,0.3333333333333333,,,,,,,,,,,,,,,,,,,,,,,,,,,,,,,,,,,,,,,,,,,,,,,,,,,,157,69,0.4394904458598726,,,,,,,,,,,,,,,,,,,,,,,,,,,,,,,,,,,,,,,,,,,,,,,,,,,,54,10,0.18518518518518517,,,,,,,,,,,,,,,,,,,,,,,,,,,,,,,,,,,,,,,,,,,,,,,,,,,,674,214,0.31750741839762614,,,,,,,,,,,,,,,,,,,,,,,,,,0.2656960873521383,,,,,,,,,0.2656960873521383,,,,,,,,,,0.2656960873521383,,,,,,0.2656960873521383,,,,,,,,,0.2656960873521383,,,,,,0.2656960873521383,,,,,0.2656960873521383,,,,,0.2656960873521383,,,,,,,,,0.2656960873521383,,,,,,0.2656960873521383,,,,,,,,,0.2656960873521383,
0.27230046948356806,0.3589108910891089,0.3381725021349274,blip2-opt-2.7b,0.21936459909228442,145-259-251-516,1_prompt,False,6,,,,,,,,,,,,,,,,,,,,,,,,,,,,,,,72,25,0.3472222222222222,,,,,,,,,,,,,,,,,,,,,,,,,,,,,,,,,,,,,,,,,,,,,,,,,,,,123,39,0.3170731707317073,,,,,,,,,,,,,,,,,,,,,,,,,,,,,,,,,,,,,,,,,,,,,,,,,,,,157,70,0.445859872611465,,,,,,,,,,,,,,,,,,,,,,,,,,,,,,,,,,,,,,,,,,,,,,,,,,,,54,11,0.2037037037037037,,,,,,,,,,,,,,,,,,,,,,,,,,,,,,,,,,,,,,,,,,,,,,,,,,,,674,251,0.3724035608308605,,,,,,,,,,,,,,,,,,,,,,,,,,0.27230046948356806,,,,,,,,,0.27230046948356806,,,,,,,,,,0.27230046948356806,,,,,,0.27230046948356806,,,,,,,,,0.27230046948356806,,,,,,0.27230046948356806,,,,,0.27230046948356806,,,,,0.27230046948356806,,,,,,,,,0.27230046948356806,,,,,,0.27230046948356806,,,,,,,,,0.27230046948356806,
0.25948103792415167,0.32098765432098764,0.3603448275862069,blip2-opt-2.7b,0.21775544388609716,130-275-288-467,1_prompt,False,5,,,,,,,,,,,,,,,,,,,,,,,,,,,,,,,72,17,0.2361111111111111,,,,,,,,,,,,,,,,,,,,,,,,,,,,,,,,,,,,,,,,,,,,,,,,,,,,123,37,0.3008130081300813,,,,,,,,,,,,,,,,,,,,,,,,,,,,,,,,,,,,,,,,,,,,,,,,,,,,157,67,0.4267515923566879,,,,,,,,,,,,,,,,,,,,,,,,,,,,,,,,,,,,,,,,,,,,,,,,,,,,54,9,0.16666666666666666,,,,,,,,,,,,,,,,,,,,,,,,,,,,,,,,,,,,,,,,,,,,,,,,,,,,674,288,0.42729970326409494,,,,,,,,,,,,,,,,,,,,,,,,,,0.25948103792415167,,,,,,,,,0.25948103792415167,,,,,,,,,,0.25948103792415167,,,,,,0.25948103792415167,,,,,,,,,0.25948103792415167,,,,,,0.25948103792415167,,,,,0.25948103792415167,,,,,0.25948103792415167,,,,,,,,,0.25948103792415167,,,,,,0.25948103792415167,,,,,,,,,0.25948103792415167,
0.1695906432748538,0.14320987654320988,0.4892086330935252,blip2-opt-2.7b,0.2078853046594982,58-347-486-221,1_prompt,False,4,,,,,,,,,,,,,,,,,,,,,,,,,,,,,,,72,7,0.09722222222222222,,,,,,,,,,,,,,,,,,,,,,,,,,,,,,,,,,,,,,,,,,,,,,,,,,,,123,16,0.13008130081300814,,,,,,,,,,,,,,,,,,,,,,,,,,,,,,,,,,,,,,,,,,,,,,,,,,,,157,30,0.1910828025477707,,,,,,,,,,,,,,,,,,,,,,,,,,,,,,,,,,,,,,,,,,,,,,,,,,,,54,5,0.09259259259259259,,,,,,,,,,,,,,,,,,,,,,,,,,,,,,,,,,,,,,,,,,,,,,,,,,,,674,486,0.7210682492581603,,,,,,,,,,,,,,,,,,,,,,,,,,0.1695906432748538,,,,,,,,,0.1695906432748538,,,,,,,,,,0.1695906432748538,,,,,,0.1695906432748538,,,,,,,,,0.1695906432748538,,,,,,0.1695906432748538,,,,,0.1695906432748538,,,,,0.1695906432748538,,,,,,,,,0.1695906432748538,,,,,,0.1695906432748538,,,,,,,,,0.1695906432748538,
0.10580204778156996,0.07635467980295567,0.5262206148282098,blip2-opt-2.7b,0.17222222222222222,31-375-551-149,1_prompt,False,3,,,,,,,,,,,,,,,,,,,,,,,,,,,,,,,72,4,0.05555555555555555,,,,,,,,,,,,,,,,,,,,,,,,,,,,,,,,,,,,,,,,,,,,,,,,,,,,123,6,0.04878048780487805,,,,,,,,,,,,,,,,,,,,,,,,,,,,,,,,,,,,,,,,,,,,,,,,,,,,157,17,0.10828025477707007,,,,,,,,,,,,,,,,,,,,,,,,,,,,,,,,,,,,,,,,,,,,,,,,,,,,54,4,0.07407407407407407,,,,,,,,,,,,,,,,,,,,,,,,,,,,,,,,,,,,,,,,,,,,,,,,,,,,674,551,0.8175074183976261,,,,,,,,,,,,,,,,,,,,,,,,,,0.10580204778156996,,,,,,,,,0.10580204778156996,,,,,,,,,,0.10580204778156996,,,,,,0.10580204778156996,,,,,,,,,0.10580204778156996,,,,,,0.10580204778156996,,,,,0.10580204778156996,,,,,0.10580204778156996,,,,,,,,,0.10580204778156996,,,,,,0.10580204778156996,,,,,,,,,0.10580204778156996,
0.09492635024549917,0.07142857142857142,0.5049239033124441,blip2-opt-2.7b,0.14146341463414633,29-377-535-176,1_prompt,False,2,,,,,,,,,,,,,,,,,,,,,,,,,,,,,,,72,3,0.041666666666666664,,,,,,,,,,,,,,,,,,,,,,,,,,,,,,,,,,,,,,,,,,,,,,,,,,,,123,10,0.08130081300813008,,,,,,,,,,,,,,,,,,,,,,,,,,,,,,,,,,,,,,,,,,,,,,,,,,,,157,11,0.07006369426751592,,,,,,,,,,,,,,,,,,,,,,,,,,,,,,,,,,,,,,,,,,,,,,,,,,,,54,5,0.09259259259259259,,,,,,,,,,,,,,,,,,,,,,,,,,,,,,,,,,,,,,,,,,,,,,,,,,,,674,535,0.7937685459940653,,,,,,,,,,,,,,,,,,,,,,,,,,0.09492635024549917,,,,,,,,,0.09492635024549917,,,,,,,,,,0.09492635024549917,,,,,,0.09492635024549917,,,,,,,,,0.09492635024549917,,,,,,0.09492635024549917,,,,,0.09492635024549917,,,,,0.09492635024549917,,,,,,,,,0.09492635024549917,,,,,,0.09492635024549917,,,,,,,,,0.09492635024549917,
0.18826135105204872,0.2109181141439206,0.3729683490162532,blip2-opt-2.7b,0.17,85-318-351-415,1_prompt,False,1,,,,,,,,,,,,,,,,,,,,,,,,,,,,,,,72,17,0.2361111111111111,,,,,,,,,,,,,,,,,,,,,,,,,,,,,,,,,,,,,,,,,,,,,,,,,,,,123,37,0.3008130081300813,,,,,,,,,,,,,,,,,,,,,,,,,,,,,,,,,,,,,,,,,,,,,,,,,,,,157,27,0.17197452229299362,,,,,,,,,,,,,,,,,,,,,,,,,,,,,,,,,,,,,,,,,,,,,,,,,,,,54,4,0.07407407407407407,,,,,,,,,,,,,,,,,,,,,,,,,,,,,,,,,,,,,,,,,,,,,,,,,,,,674,351,0.5207715133531158,,,,,,,,,,,,,,,,,,,,,,,,,,0.18826135105204872,,,,,,,,,0.18826135105204872,,,,,,,,,,0.18826135105204872,,,,,,0.18826135105204872,,,,,,,,,0.18826135105204872,,,,,,0.18826135105204872,,,,,0.18826135105204872,,,,,0.18826135105204872,,,,,,,,,0.18826135105204872,,,,,,0.18826135105204872,,,,,,,,,0.18826135105204872,
0.013100436681222707,0.007389162561576354,0.5868372943327239,blip2-opt-2.7b,0.057692307692307696,3-403-639-49,1_prompt,False,0,,,,,,,,,,,,,,,,,,,,,,,,,,,,,,,72,0,0.0,,,,,,,,,,,,,,,,,,,,,,,,,,,,,,,,,,,,,,,,,,,,,,,,,,,,123,3,0.024390243902439025,,,,,,,,,,,,,,,,,,,,,,,,,,,,,,,,,,,,,,,,,,,,,,,,,,,,157,0,0.0,,,,,,,,,,,,,,,,,,,,,,,,,,,,,,,,,,,,,,,,,,,,,,,,,,,,54,0,0.0,,,,,,,,,,,,,,,,,,,,,,,,,,,,,,,,,,,,,,,,,,,,,,,,,,,,674,639,0.9480712166172107,,,,,,,,,,,,,,,,,,,,,,,,,,0.013100436681222707,,,,,,,,,0.013100436681222707,,,,,,,,,,0.013100436681222707,,,,,,0.013100436681222707,,,,,,,,,0.013100436681222707,,,,,,0.013100436681222707,,,,,0.013100436681222707,,,,,0.013100436681222707,,,,,,,,,0.013100436681222707,,,,,,0.013100436681222707,,,,,,,,,0.013100436681222707,
0.24299065420560748,0.3217821782178218,0.3112244897959184,blip2-opt-2.7b,0.19519519519519518,130-274-236-536,1_prompt,True,8,,,,72,26,0.3611111111111111,,,,,,,,,,,,,,,,,,,,,,,,,,,,,,,,,,,,,,,,,,,,,,,,,,,,123,37,0.3008130081300813,,,,,,,,,,,,,,,,,,,,,,,,,,,,,,,,,,,,,,,,,,,,,,,,,,,,157,54,0.34394904458598724,,,,,,,,,,,,,,,,,,,,,,,,,,,,,,,,,,,,,,,,,,,,,,,,,,,,54,13,0.24074074074074073,,,,,,,,,,,,,,,,,,,,,,,,,,,,,,,,,,,,,,,,,,,,,,,,,,,,674,236,0.35014836795252224,,,,,,,,,,,,,,,,,,,,,,,,,,,,,,,,,,,,,,,,,,,,,,,,,,,,,,,,,,,,,,,0.24299065420560748,,,,,,,,,,0.24299065420560748,,,,,,,,,,,,,,,0.24299065420560748,,,,,,,,,,,,,,,,,,,,,,,,,0.24299065420560748,,,,,,,,,,,,,,,0.24299065420560748
0.24756335282651074,0.3135802469135803,0.3379073756432247,blip2-opt-2.7b,0.20450885668276972,127-278-267-494,1_prompt,True,7,,,,72,25,0.3472222222222222,,,,,,,,,,,,,,,,,,,,,,,,,,,,,,,,,,,,,,,,,,,,,,,,,,,,123,35,0.2845528455284553,,,,,,,,,,,,,,,,,,,,,,,,,,,,,,,,,,,,,,,,,,,,,,,,,,,,157,57,0.3630573248407643,,,,,,,,,,,,,,,,,,,,,,,,,,,,,,,,,,,,,,,,,,,,,,,,,,,,54,10,0.18518518518518517,,,,,,,,,,,,,,,,,,,,,,,,,,,,,,,,,,,,,,,,,,,,,,,,,,,,674,267,0.3961424332344214,,,,,,,,,,,,,,,,,,,,,,,,,,,,,,,,,,,,,,,,,,,,,,,,,,,,,,,,,,,,,,,0.24756335282651074,,,,,,,,,,0.24756335282651074,,,,,,,,,,,,,,,0.24756335282651074,,,,,,,,,,,,,,,,,,,,,,,,,0.24756335282651074,,,,,,,,,,,,,,,0.24756335282651074
0.24477611940298505,0.3052109181141439,0.344559585492228,blip2-opt-2.7b,0.20431893687707642,123-280-276-479,1_prompt,True,6,,,,72,27,0.375,,,,,,,,,,,,,,,,,,,,,,,,,,,,,,,,,,,,,,,,,,,,,,,,,,,,123,32,0.2601626016260163,,,,,,,,,,,,,,,,,,,,,,,,,,,,,,,,,,,,,,,,,,,,,,,,,,,,157,56,0.35668789808917195,,,,,,,,,,,,,,,,,,,,,,,,,,,,,,,,,,,,,,,,,,,,,,,,,,,,54,8,0.14814814814814814,,,,,,,,,,,,,,,,,,,,,,,,,,,,,,,,,,,,,,,,,,,,,,,,,,,,674,276,0.4094955489614243,,,,,,,,,,,,,,,,,,,,,,,,,,,,,,,,,,,,,,,,,,,,,,,,,,,,,,,,,,,,,,,0.24477611940298505,,,,,,,,,,0.24477611940298505,,,,,,,,,,,,,,,0.24477611940298505,,,,,,,,,,,,,,,,,,,,,,,,,0.24477611940298505,,,,,,,,,,,,,,,0.24477611940298505
0.2323733862959285,0.2896039603960396,0.33591065292096217,blip2-opt-2.7b,0.19402985074626866,117-287-274-486,1_prompt,True,5,,,,72,23,0.3194444444444444,,,,,,,,,,,,,,,,,,,,,,,,,,,,,,,,,,,,,,,,,,,,,,,,,,,,123,29,0.23577235772357724,,,,,,,,,,,,,,,,,,,,,,,,,,,,,,,,,,,,,,,,,,,,,,,,,,,,157,57,0.3630573248407643,,,,,,,,,,,,,,,,,,,,,,,,,,,,,,,,,,,,,,,,,,,,,,,,,,,,54,8,0.14814814814814814,,,,,,,,,,,,,,,,,,,,,,,,,,,,,,,,,,,,,,,,,,,,,,,,,,,,674,274,0.4065281899109792,,,,,,,,,,,,,,,,,,,,,,,,,,,,,,,,,,,,,,,,,,,,,,,,,,,,,,,,,,,,,,,0.2323733862959285,,,,,,,,,,0.2323733862959285,,,,,,,,,,,,,,,0.2323733862959285,,,,,,,,,,,,,,,,,,,,,,,,,0.2323733862959285,,,,,,,,,,,,,,,0.2323733862959285
0.20240963855421684,0.2079207920792079,0.42082239720035,blip2-opt-2.7b,0.19718309859154928,84-320-397-342,1_prompt,True,4,,,,72,16,0.2222222222222222,,,,,,,,,,,,,,,,,,,,,,,,,,,,,,,,,,,,,,,,,,,,,,,,,,,,123,18,0.14634146341463414,,,,,,,,,,,,,,,,,,,,,,,,,,,,,,,,,,,,,,,,,,,,,,,,,,,,157,41,0.2611464968152866,,,,,,,,,,,,,,,,,,,,,,,,,,,,,,,,,,,,,,,,,,,,,,,,,,,,54,9,0.16666666666666666,,,,,,,,,,,,,,,,,,,,,,,,,,,,,,,,,,,,,,,,,,,,,,,,,,,,674,397,0.5890207715133531,,,,,,,,,,,,,,,,,,,,,,,,,,,,,,,,,,,,,,,,,,,,,,,,,,,,,,,,,,,,,,,0.20240963855421684,,,,,,,,,,0.20240963855421684,,,,,,,,,,,,,,,0.20240963855421684,,,,,,,,,,,,,,,,,,,,,,,,,0.20240963855421684,,,,,,,,,,,,,,,0.20240963855421684
0.2167255594817432,0.2271604938271605,0.4171779141104294,blip2-opt-2.7b,0.2072072072072072,92-313-384-352,1_prompt,True,3,,,,72,14,0.19444444444444445,,,,,,,,,,,,,,,,,,,,,,,,,,,,,,,,,,,,,,,,,,,,,,,,,,,,123,26,0.21138211382113822,,,,,,,,,,,,,,,,,,,,,,,,,,,,,,,,,,,,,,,,,,,,,,,,,,,,157,44,0.2802547770700637,,,,,,,,,,,,,,,,,,,,,,,,,,,,,,,,,,,,,,,,,,,,,,,,,,,,54,8,0.14814814814814814,,,,,,,,,,,,,,,,,,,,,,,,,,,,,,,,,,,,,,,,,,,,,,,,,,,,674,384,0.56973293768546,,,,,,,,,,,,,,,,,,,,,,,,,,,,,,,,,,,,,,,,,,,,,,,,,,,,,,,,,,,,,,,0.2167255594817432,,,,,,,,,,0.2167255594817432,,,,,,,,,,,,,,,0.2167255594817432,,,,,,,,,,,,,,,,,,,,,,,,,0.2167255594817432,,,,,,,,,,,,,,,0.2167255594817432
0.15240641711229944,0.14108910891089108,0.43992932862190814,blip2-opt-2.7b,0.16569767441860464,57-347-441-287,1_prompt,True,2,,,,72,10,0.1388888888888889,,,,,,,,,,,,,,,,,,,,,,,,,,,,,,,,,,,,,,,,,,,,,,,,,,,,123,12,0.0975609756097561,,,,,,,,,,,,,,,,,,,,,,,,,,,,,,,,,,,,,,,,,,,,,,,,,,,,157,30,0.1910828025477707,,,,,,,,,,,,,,,,,,,,,,,,,,,,,,,,,,,,,,,,,,,,,,,,,,,,54,5,0.09259259259259259,,,,,,,,,,,,,,,,,,,,,,,,,,,,,,,,,,,,,,,,,,,,,,,,,,,,674,441,0.6543026706231454,,,,,,,,,,,,,,,,,,,,,,,,,,,,,,,,,,,,,,,,,,,,,,,,,,,,,,,,,,,,,,,0.15240641711229944,,,,,,,,,,0.15240641711229944,,,,,,,,,,,,,,,0.15240641711229944,,,,,,,,,,,,,,,,,,,,,,,,,0.15240641711229944,,,,,,,,,,,,,,,0.15240641711229944
0.19796954314720813,0.1921182266009852,0.4489973844812554,blip2-opt-2.7b,0.20418848167539266,78-328-437-304,1_prompt,True,1,,,,72,17,0.2361111111111111,,,,,,,,,,,,,,,,,,,,,,,,,,,,,,,,,,,,,,,,,,,,,,,,,,,,123,29,0.23577235772357724,,,,,,,,,,,,,,,,,,,,,,,,,,,,,,,,,,,,,,,,,,,,,,,,,,,,157,26,0.16560509554140126,,,,,,,,,,,,,,,,,,,,,,,,,,,,,,,,,,,,,,,,,,,,,,,,,,,,54,6,0.1111111111111111,,,,,,,,,,,,,,,,,,,,,,,,,,,,,,,,,,,,,,,,,,,,,,,,,,,,674,437,0.6483679525222552,,,,,,,,,,,,,,,,,,,,,,,,,,,,,,,,,,,,,,,,,,,,,,,,,,,,,,,,,,,,,,,0.19796954314720813,,,,,,,,,,0.19796954314720813,,,,,,,,,,,,,,,0.19796954314720813,,,,,,,,,,,,,,,,,,,,,,,,,0.19796954314720813,,,,,,,,,,,,,,,0.19796954314720813
0.02898550724637681,0.01728395061728395,0.5751811594202898,blip2-opt-2.7b,0.08974358974358974,7-398-628-71,1_prompt,True,0,,,,72,1,0.013888888888888888,,,,,,,,,,,,,,,,,,,,,,,,,,,,,,,,,,,,,,,,,,,,,,,,,,,,123,1,0.008130081300813009,,,,,,,,,,,,,,,,,,,,,,,,,,,,,,,,,,,,,,,,,,,,,,,,,,,,157,5,0.03184713375796178,,,,,,,,,,,,,,,,,,,,,,,,,,,,,,,,,,,,,,,,,,,,,,,,,,,,54,0,0.0,,,,,,,,,,,,,,,,,,,,,,,,,,,,,,,,,,,,,,,,,,,,,,,,,,,,674,628,0.9317507418397626,,,,,,,,,,,,,,,,,,,,,,,,,,,,,,,,,,,,,,,,,,,,,,,,,,,,,,,,,,,,,,,0.02898550724637681,,,,,,,,,,0.02898550724637681,,,,,,,,,,,,,,,0.02898550724637681,,,,,,,,,,,,,,,,,,,,,,,,,0.02898550724637681,,,,,,,,,,,,,,,0.02898550724637681
