f_score,recall,accuracy,model,precision,mets,prompt,img,shots,ent_met_person0_promptTrue,acc_met_person0_promptTrue,ent_acc_met_person0_promptTrue,ent_met_person1_promptTrue,acc_met_person1_promptTrue,ent_acc_met_person1_promptTrue,ent_met_person2_promptTrue,acc_met_person2_promptTrue,ent_acc_met_person2_promptTrue,ent_met_person3_promptTrue,acc_met_person3_promptTrue,ent_acc_met_person3_promptTrue,ent_met_person4_promptTrue,acc_met_person4_promptTrue,ent_acc_met_person4_promptTrue,ent_met_person5_promptTrue,acc_met_person5_promptTrue,ent_acc_met_person5_promptTrue,ent_met_person6_promptTrue,acc_met_person6_promptTrue,ent_acc_met_person6_promptTrue,ent_met_person7_promptTrue,acc_met_person7_promptTrue,ent_acc_met_person7_promptTrue,ent_met_person8_promptTrue,acc_met_person8_promptTrue,ent_acc_met_person8_promptTrue,ent_met_person0_promptFalse,acc_met_person0_promptFalse,ent_acc_met_person0_promptFalse,ent_met_person1_promptFalse,acc_met_person1_promptFalse,ent_acc_met_person1_promptFalse,ent_met_person2_promptFalse,acc_met_person2_promptFalse,ent_acc_met_person2_promptFalse,ent_met_person3_promptFalse,acc_met_person3_promptFalse,ent_acc_met_person3_promptFalse,ent_met_person4_promptFalse,acc_met_person4_promptFalse,ent_acc_met_person4_promptFalse,ent_met_person5_promptFalse,acc_met_person5_promptFalse,ent_acc_met_person5_promptFalse,ent_met_person6_promptFalse,acc_met_person6_promptFalse,ent_acc_met_person6_promptFalse,ent_met_person7_promptFalse,acc_met_person7_promptFalse,ent_acc_met_person7_promptFalse,ent_met_person8_promptFalse,acc_met_person8_promptFalse,ent_acc_met_person8_promptFalse,ent_met_organization0_promptTrue,acc_met_organization0_promptTrue,ent_acc_met_organization0_promptTrue,ent_met_organization1_promptTrue,acc_met_organization1_promptTrue,ent_acc_met_organization1_promptTrue,ent_met_organization2_promptTrue,acc_met_organization2_promptTrue,ent_acc_met_organization2_promptTrue,ent_met_organization3_promptTrue,acc_met_organization3_promptTrue,ent_acc_met_organization3_promptTrue,ent_met_organization4_promptTrue,acc_met_organization4_promptTrue,ent_acc_met_organization4_promptTrue,ent_met_organization5_promptTrue,acc_met_organization5_promptTrue,ent_acc_met_organization5_promptTrue,ent_met_organization6_promptTrue,acc_met_organization6_promptTrue,ent_acc_met_organization6_promptTrue,ent_met_organization7_promptTrue,acc_met_organization7_promptTrue,ent_acc_met_organization7_promptTrue,ent_met_organization8_promptTrue,acc_met_organization8_promptTrue,ent_acc_met_organization8_promptTrue,ent_met_organization0_promptFalse,acc_met_organization0_promptFalse,ent_acc_met_organization0_promptFalse,ent_met_organization1_promptFalse,acc_met_organization1_promptFalse,ent_acc_met_organization1_promptFalse,ent_met_organization2_promptFalse,acc_met_organization2_promptFalse,ent_acc_met_organization2_promptFalse,ent_met_organization3_promptFalse,acc_met_organization3_promptFalse,ent_acc_met_organization3_promptFalse,ent_met_organization4_promptFalse,acc_met_organization4_promptFalse,ent_acc_met_organization4_promptFalse,ent_met_organization5_promptFalse,acc_met_organization5_promptFalse,ent_acc_met_organization5_promptFalse,ent_met_organization6_promptFalse,acc_met_organization6_promptFalse,ent_acc_met_organization6_promptFalse,ent_met_organization7_promptFalse,acc_met_organization7_promptFalse,ent_acc_met_organization7_promptFalse,ent_met_organization8_promptFalse,acc_met_organization8_promptFalse,ent_acc_met_organization8_promptFalse,ent_met_location0_promptTrue,acc_met_location0_promptTrue,ent_acc_met_location0_promptTrue,ent_met_location1_promptTrue,acc_met_location1_promptTrue,ent_acc_met_location1_promptTrue,ent_met_location2_promptTrue,acc_met_location2_promptTrue,ent_acc_met_location2_promptTrue,ent_met_location3_promptTrue,acc_met_location3_promptTrue,ent_acc_met_location3_promptTrue,ent_met_location4_promptTrue,acc_met_location4_promptTrue,ent_acc_met_location4_promptTrue,ent_met_location5_promptTrue,acc_met_location5_promptTrue,ent_acc_met_location5_promptTrue,ent_met_location6_promptTrue,acc_met_location6_promptTrue,ent_acc_met_location6_promptTrue,ent_met_location7_promptTrue,acc_met_location7_promptTrue,ent_acc_met_location7_promptTrue,ent_met_location8_promptTrue,acc_met_location8_promptTrue,ent_acc_met_location8_promptTrue,ent_met_location0_promptFalse,acc_met_location0_promptFalse,ent_acc_met_location0_promptFalse,ent_met_location1_promptFalse,acc_met_location1_promptFalse,ent_acc_met_location1_promptFalse,ent_met_location2_promptFalse,acc_met_location2_promptFalse,ent_acc_met_location2_promptFalse,ent_met_location3_promptFalse,acc_met_location3_promptFalse,ent_acc_met_location3_promptFalse,ent_met_location4_promptFalse,acc_met_location4_promptFalse,ent_acc_met_location4_promptFalse,ent_met_location5_promptFalse,acc_met_location5_promptFalse,ent_acc_met_location5_promptFalse,ent_met_location6_promptFalse,acc_met_location6_promptFalse,ent_acc_met_location6_promptFalse,ent_met_location7_promptFalse,acc_met_location7_promptFalse,ent_acc_met_location7_promptFalse,ent_met_location8_promptFalse,acc_met_location8_promptFalse,ent_acc_met_location8_promptFalse,ent_met_misceallonous0_promptTrue,acc_met_misceallonous0_promptTrue,ent_acc_met_misceallonous0_promptTrue,ent_met_misceallonous1_promptTrue,acc_met_misceallonous1_promptTrue,ent_acc_met_misceallonous1_promptTrue,ent_met_misceallonous2_promptTrue,acc_met_misceallonous2_promptTrue,ent_acc_met_misceallonous2_promptTrue,ent_met_misceallonous3_promptTrue,acc_met_misceallonous3_promptTrue,ent_acc_met_misceallonous3_promptTrue,ent_met_misceallonous4_promptTrue,acc_met_misceallonous4_promptTrue,ent_acc_met_misceallonous4_promptTrue,ent_met_misceallonous5_promptTrue,acc_met_misceallonous5_promptTrue,ent_acc_met_misceallonous5_promptTrue,ent_met_misceallonous6_promptTrue,acc_met_misceallonous6_promptTrue,ent_acc_met_misceallonous6_promptTrue,ent_met_misceallonous7_promptTrue,acc_met_misceallonous7_promptTrue,ent_acc_met_misceallonous7_promptTrue,ent_met_misceallonous8_promptTrue,acc_met_misceallonous8_promptTrue,ent_acc_met_misceallonous8_promptTrue,ent_met_misceallonous0_promptFalse,acc_met_misceallonous0_promptFalse,ent_acc_met_misceallonous0_promptFalse,ent_met_misceallonous1_promptFalse,acc_met_misceallonous1_promptFalse,ent_acc_met_misceallonous1_promptFalse,ent_met_misceallonous2_promptFalse,acc_met_misceallonous2_promptFalse,ent_acc_met_misceallonous2_promptFalse,ent_met_misceallonous3_promptFalse,acc_met_misceallonous3_promptFalse,ent_acc_met_misceallonous3_promptFalse,ent_met_misceallonous4_promptFalse,acc_met_misceallonous4_promptFalse,ent_acc_met_misceallonous4_promptFalse,ent_met_misceallonous5_promptFalse,acc_met_misceallonous5_promptFalse,ent_acc_met_misceallonous5_promptFalse,ent_met_misceallonous6_promptFalse,acc_met_misceallonous6_promptFalse,ent_acc_met_misceallonous6_promptFalse,ent_met_misceallonous7_promptFalse,acc_met_misceallonous7_promptFalse,ent_acc_met_misceallonous7_promptFalse,ent_met_misceallonous8_promptFalse,acc_met_misceallonous8_promptFalse,ent_acc_met_misceallonous8_promptFalse,ent_met_none0_promptTrue,acc_met_none0_promptTrue,ent_acc_met_none0_promptTrue,ent_met_none1_promptTrue,acc_met_none1_promptTrue,ent_acc_met_none1_promptTrue,ent_met_none2_promptTrue,acc_met_none2_promptTrue,ent_acc_met_none2_promptTrue,ent_met_none3_promptTrue,acc_met_none3_promptTrue,ent_acc_met_none3_promptTrue,ent_met_none4_promptTrue,acc_met_none4_promptTrue,ent_acc_met_none4_promptTrue,ent_met_none5_promptTrue,acc_met_none5_promptTrue,ent_acc_met_none5_promptTrue,ent_met_none6_promptTrue,acc_met_none6_promptTrue,ent_acc_met_none6_promptTrue,ent_met_none7_promptTrue,acc_met_none7_promptTrue,ent_acc_met_none7_promptTrue,ent_met_none8_promptTrue,acc_met_none8_promptTrue,ent_acc_met_none8_promptTrue,ent_met_none0_promptFalse,acc_met_none0_promptFalse,ent_acc_met_none0_promptFalse,ent_met_none1_promptFalse,acc_met_none1_promptFalse,ent_acc_met_none1_promptFalse,ent_met_none2_promptFalse,acc_met_none2_promptFalse,ent_acc_met_none2_promptFalse,ent_met_none3_promptFalse,acc_met_none3_promptFalse,ent_acc_met_none3_promptFalse,ent_met_none4_promptFalse,acc_met_none4_promptFalse,ent_acc_met_none4_promptFalse,ent_met_none5_promptFalse,acc_met_none5_promptFalse,ent_acc_met_none5_promptFalse,ent_met_none6_promptFalse,acc_met_none6_promptFalse,ent_acc_met_none6_promptFalse,ent_met_none7_promptFalse,acc_met_none7_promptFalse,ent_acc_met_none7_promptFalse,ent_met_none8_promptFalse,acc_met_none8_promptFalse,ent_acc_met_none8_promptFalse,f_score0_promptFalse,f_score4_promptFalse,f_score2_promptFalse,f_score3_promptFalse,f_score1_promptFalse,f_score0_promptFalse,f_score0_promptTrue,f_score4_promptFalse,f_score4_promptTrue,f_score2_promptFalse,f_score2_promptTrue,f_score3_promptFalse,f_score3_promptTrue,f_score1_promptFalse,f_score1_promptTrue,f_score0_promptFalse,f_score0_promptTrue,f_score4_promptFalse,f_score4_promptTrue,f_score2_promptFalse,f_score2_promptTrue,f_score3_promptFalse,f_score3_promptTrue,f_score1_promptFalse,f_score1_promptTrue
0.559915164369035,0.5136186770428015,0.6446917808219178,blip2-flan-t5-xl,0.6153846153846154,264-250-489-165,0_prompt,False,8,,,,,,,,,,,,,,,,,,,,,,,,,,,,275,160,0.5818181818181818,,,,,,,,,,,,,,,,,,,,,,,,,,,,,,,,,,,,,,,,,,,,,,,,,,,,125,63,0.504,,,,,,,,,,,,,,,,,,,,,,,,,,,,,,,,,,,,,,,,,,,,,,,,,,,,59,36,0.6101694915254238,,,,,,,,,,,,,,,,,,,,,,,,,,,,,,,,,,,,,,,,,,,,,,,,,,,,58,5,0.08620689655172414,,,,,,,,,,,,,,,,,,,,,,,,,,,,,,,,,,,,,,,,,,,,,,,,,,,,628,489,0.7786624203821656,,,,,,,,,,,,,,,,,,,,,,,,,0.559915164369035,,,,,0.559915164369035,,,,,,,,,,0.559915164369035,,,,,,,,,
0.5665236051502145,0.5136186770428015,0.6538131962296486,blip2-flan-t5-xl,0.631578947368421,264-250-499-154,0_prompt,False,7,,,,,,,,,,,,,,,,,,,,,,,,,,,,275,161,0.5854545454545454,,,,,,,,,,,,,,,,,,,,,,,,,,,,,,,,,,,,,,,,,,,,,,,,,,,,125,62,0.496,,,,,,,,,,,,,,,,,,,,,,,,,,,,,,,,,,,,,,,,,,,,,,,,,,,,59,36,0.6101694915254238,,,,,,,,,,,,,,,,,,,,,,,,,,,,,,,,,,,,,,,,,,,,,,,,,,,,58,5,0.08620689655172414,,,,,,,,,,,,,,,,,,,,,,,,,,,,,,,,,,,,,,,,,,,,,,,,,,,,628,499,0.7945859872611465,,,,,,,,,,,,,,,,,,,,,,,,,0.5665236051502145,,,,,0.5665236051502145,,,,,,,,,,0.5665236051502145,,,,,,,,,
0.562566844919786,0.5116731517509727,0.6495287060839761,blip2-flan-t5-xl,0.6247030878859857,263-251-495-158,0_prompt,False,6,,,,,,,,,,,,,,,,,,,,,,,,,,,,275,161,0.5854545454545454,,,,,,,,,,,,,,,,,,,,,,,,,,,,,,,,,,,,,,,,,,,,,,,,,,,,125,61,0.488,,,,,,,,,,,,,,,,,,,,,,,,,,,,,,,,,,,,,,,,,,,,,,,,,,,,59,36,0.6101694915254238,,,,,,,,,,,,,,,,,,,,,,,,,,,,,,,,,,,,,,,,,,,,,,,,,,,,58,5,0.08620689655172414,,,,,,,,,,,,,,,,,,,,,,,,,,,,,,,,,,,,,,,,,,,,,,,,,,,,628,495,0.7882165605095541,,,,,,,,,,,,,,,,,,,,,,,,,0.562566844919786,,,,,0.562566844919786,,,,,,,,,,0.562566844919786,,,,,,,,,
0.5730088495575222,0.5038910505836576,0.6680997420464316,blip2-flan-t5-xl,0.6641025641025641,259-255-518-131,0_prompt,False,5,,,,,,,,,,,,,,,,,,,,,,,,,,,,275,163,0.5927272727272728,,,,,,,,,,,,,,,,,,,,,,,,,,,,,,,,,,,,,,,,,,,,,,,,,,,,125,55,0.44,,,,,,,,,,,,,,,,,,,,,,,,,,,,,,,,,,,,,,,,,,,,,,,,,,,,59,37,0.6271186440677966,,,,,,,,,,,,,,,,,,,,,,,,,,,,,,,,,,,,,,,,,,,,,,,,,,,,58,4,0.06896551724137931,,,,,,,,,,,,,,,,,,,,,,,,,,,,,,,,,,,,,,,,,,,,,,,,,,,,628,518,0.8248407643312102,,,,,,,,,,,,,,,,,,,,,,,,,0.5730088495575222,,,,,0.5730088495575222,,,,,,,,,,0.5730088495575222,,,,,,,,,
0.5638766519823789,0.4980544747081712,0.6600858369098712,blip2-flan-t5-xl,0.649746192893401,256-258-513-138,0_prompt,False,4,,,,,,,,,,,,,,,,,,,,,,,,,,,,275,161,0.5854545454545454,,,,,,,,,,,,,,,,,,,,,,,,,,,,,,,,,,,,,,,,,,,,,,,,,,,,125,56,0.448,,,,,,,,,,,,,,,,,,,,,,,,,,,,,,,,,,,,,,,,,,,,,,,,,,,,59,34,0.576271186440678,,,,,,,,,,,,,,,,,,,,,,,,,,,,,,,,,,,,,,,,,,,,,,,,,,,,58,5,0.08620689655172414,,,,,,,,,,,,,,,,,,,,,,,,,,,,,,,,,,,,,,,,,,,,,,,,,,,,628,513,0.8168789808917197,,,,,,,,,,,,,,,,,,,,,,,,,0.5638766519823789,,,,,0.5638766519823789,,,,,,,,,,0.5638766519823789,,,,,,,,,
0.5654565456545655,0.5,0.6606529209621993,blip2-flan-t5-xl,0.6506329113924051,257-257-512-138,0_prompt,False,3,,,,,,,,,,,,,,,,,,,,,,,,,,,,275,160,0.5818181818181818,,,,,,,,,,,,,,,,,,,,,,,,,,,,,,,,,,,,,,,,,,,,,,,,,,,,125,57,0.456,,,,,,,,,,,,,,,,,,,,,,,,,,,,,,,,,,,,,,,,,,,,,,,,,,,,59,35,0.5932203389830508,,,,,,,,,,,,,,,,,,,,,,,,,,,,,,,,,,,,,,,,,,,,,,,,,,,,58,5,0.08620689655172414,,,,,,,,,,,,,,,,,,,,,,,,,,,,,,,,,,,,,,,,,,,,,,,,,,,,628,512,0.8152866242038217,,,,,,,,,,,,,,,,,,,,,,,,,0.5654565456545655,,,,,0.5654565456545655,,,,,,,,,,0.5654565456545655,,,,,,,,,
0.5495867768595042,0.5175097276264592,0.6279863481228669,blip2-flan-t5-xl,0.5859030837004405,266-248-470-188,0_prompt,False,2,,,,,,,,,,,,,,,,,,,,,,,,,,,,275,158,0.5745454545454546,,,,,,,,,,,,,,,,,,,,,,,,,,,,,,,,,,,,,,,,,,,,,,,,,,,,125,64,0.512,,,,,,,,,,,,,,,,,,,,,,,,,,,,,,,,,,,,,,,,,,,,,,,,,,,,59,37,0.6271186440677966,,,,,,,,,,,,,,,,,,,,,,,,,,,,,,,,,,,,,,,,,,,,,,,,,,,,58,7,0.1206896551724138,,,,,,,,,,,,,,,,,,,,,,,,,,,,,,,,,,,,,,,,,,,,,,,,,,,,628,470,0.7484076433121019,,,,,,,,,,,,,,,,,,,,,,,,,0.5495867768595042,,,,,0.5495867768595042,,,,,,,,,,0.5495867768595042,,,,,,,,,
0.5389610389610391,0.48443579766536965,0.636518771331058,blip2-flan-t5-xl,0.6073170731707317,249-265-497-161,0_prompt,False,1,,,,,,,,,,,,,,,,,,,,,,,,,,,,275,153,0.5563636363636364,,,,,,,,,,,,,,,,,,,,,,,,,,,,,,,,,,,,,,,,,,,,,,,,,,,,125,54,0.432,,,,,,,,,,,,,,,,,,,,,,,,,,,,,,,,,,,,,,,,,,,,,,,,,,,,59,36,0.6101694915254238,,,,,,,,,,,,,,,,,,,,,,,,,,,,,,,,,,,,,,,,,,,,,,,,,,,,58,6,0.10344827586206896,,,,,,,,,,,,,,,,,,,,,,,,,,,,,,,,,,,,,,,,,,,,,,,,,,,,628,497,0.7914012738853503,,,,,,,,,,,,,,,,,,,,,,,,,0.5389610389610391,,,,,0.5389610389610391,,,,,,,,,,0.5389610389610391,,,,,,,,,
0.5875440658049353,0.4854368932038835,0.699228791773779,blip2-flan-t5-xl,0.7440476190476191,250-265-566-86,0_prompt,False,0,,,,,,,,,,,,,,,,,,,,,,,,,,,,275,174,0.6327272727272727,,,,,,,,,,,,,,,,,,,,,,,,,,,,,,,,,,,,,,,,,,,,,,,,,,,,125,48,0.384,,,,,,,,,,,,,,,,,,,,,,,,,,,,,,,,,,,,,,,,,,,,,,,,,,,,59,28,0.4745762711864407,,,,,,,,,,,,,,,,,,,,,,,,,,,,,,,,,,,,,,,,,,,,,,,,,,,,58,0,0.0,,,,,,,,,,,,,,,,,,,,,,,,,,,,,,,,,,,,,,,,,,,,,,,,,,,,628,566,0.9012738853503185,,,,,,,,,,,,,,,,,,,,,,,,,0.5875440658049353,,,,,0.5875440658049353,,,,,,,,,,0.5875440658049353,,,,,,,,,
0.5550935550935551,0.519455252918288,0.6345004269854825,blip2-flan-t5-xl,0.5959821428571429,267-247-476-181,0_prompt,True,8,275,160,0.5818181818181818,,,,,,,,,,,,,,,,,,,,,,,,,,,,,,,,,,,,,,,,,,,,,,,,,,,,125,65,0.52,,,,,,,,,,,,,,,,,,,,,,,,,,,,,,,,,,,,,,,,,,,,,,,,,,,,59,36,0.6101694915254238,,,,,,,,,,,,,,,,,,,,,,,,,,,,,,,,,,,,,,,,,,,,,,,,,,,,58,6,0.10344827586206896,,,,,,,,,,,,,,,,,,,,,,,,,,,,,,,,,,,,,,,,,,,,,,,,,,,,628,476,0.7579617834394905,,,,,,,,,,,,,,,,,,,,,,,,,,,,,,,,,,,,,,,,,,,,,,,,,,,,,,,,,,0.5550935550935551,,,,,,,,,,0.5550935550935551,,,,,,,,
0.5651260504201681,0.5233463035019456,0.6464560204953032,blip2-flan-t5-xl,0.6141552511415526,269-245-488-169,0_prompt,True,7,275,162,0.5890909090909091,,,,,,,,,,,,,,,,,,,,,,,,,,,,,,,,,,,,,,,,,,,,,,,,,,,,125,64,0.512,,,,,,,,,,,,,,,,,,,,,,,,,,,,,,,,,,,,,,,,,,,,,,,,,,,,59,36,0.6101694915254238,,,,,,,,,,,,,,,,,,,,,,,,,,,,,,,,,,,,,,,,,,,,,,,,,,,,58,7,0.1206896551724138,,,,,,,,,,,,,,,,,,,,,,,,,,,,,,,,,,,,,,,,,,,,,,,,,,,,628,488,0.7770700636942676,,,,,,,,,,,,,,,,,,,,,,,,,,,,,,,,,,,,,,,,,,,,,,,,,,,,,,,,,,0.5651260504201681,,,,,,,,,,0.5651260504201681,,,,,,,,
0.5630252100840336,0.5214007782101168,0.6441402908468776,blip2-flan-t5-xl,0.6118721461187214,268-246-485-170,0_prompt,True,6,275,161,0.5854545454545454,,,,,,,,,,,,,,,,,,,,,,,,,,,,,,,,,,,,,,,,,,,,,,,,,,,,125,64,0.512,,,,,,,,,,,,,,,,,,,,,,,,,,,,,,,,,,,,,,,,,,,,,,,,,,,,59,36,0.6101694915254238,,,,,,,,,,,,,,,,,,,,,,,,,,,,,,,,,,,,,,,,,,,,,,,,,,,,58,7,0.1206896551724138,,,,,,,,,,,,,,,,,,,,,,,,,,,,,,,,,,,,,,,,,,,,,,,,,,,,628,485,0.7722929936305732,,,,,,,,,,,,,,,,,,,,,,,,,,,,,,,,,,,,,,,,,,,,,,,,,,,,,,,,,,0.5630252100840336,,,,,,,,,,0.5630252100840336,,,,,,,,
0.5776330076004343,0.5175097276264592,0.6663807890222985,blip2-flan-t5-xl,0.6535626535626535,266-248-511-141,0_prompt,True,5,275,162,0.5890909090909091,,,,,,,,,,,,,,,,,,,,,,,,,,,,,,,,,,,,,,,,,,,,,,,,,,,,125,63,0.504,,,,,,,,,,,,,,,,,,,,,,,,,,,,,,,,,,,,,,,,,,,,,,,,,,,,59,36,0.6101694915254238,,,,,,,,,,,,,,,,,,,,,,,,,,,,,,,,,,,,,,,,,,,,,,,,,,,,58,5,0.08620689655172414,,,,,,,,,,,,,,,,,,,,,,,,,,,,,,,,,,,,,,,,,,,,,,,,,,,,628,511,0.8136942675159236,,,,,,,,,,,,,,,,,,,,,,,,,,,,,,,,,,,,,,,,,,,,,,,,,,,,,,,,,,0.5776330076004343,,,,,,,,,,0.5776330076004343,,,,,,,,
0.5747863247863247,0.5233463035019456,0.6592465753424658,blip2-flan-t5-xl,0.6374407582938388,269-245-501-153,0_prompt,True,4,275,160,0.5818181818181818,,,,,,,,,,,,,,,,,,,,,,,,,,,,,,,,,,,,,,,,,,,,,,,,,,,,125,65,0.52,,,,,,,,,,,,,,,,,,,,,,,,,,,,,,,,,,,,,,,,,,,,,,,,,,,,59,36,0.6101694915254238,,,,,,,,,,,,,,,,,,,,,,,,,,,,,,,,,,,,,,,,,,,,,,,,,,,,58,8,0.13793103448275862,,,,,,,,,,,,,,,,,,,,,,,,,,,,,,,,,,,,,,,,,,,,,,,,,,,,628,501,0.7977707006369427,,,,,,,,,,,,,,,,,,,,,,,,,,,,,,,,,,,,,,,,,,,,,,,,,,,,,,,,,,0.5747863247863247,,,,,,,,,,0.5747863247863247,,,,,,,,
0.5702217529039071,0.5252918287937743,0.6509433962264151,blip2-flan-t5-xl,0.6235565819861432,270-244-489-163,0_prompt,True,3,275,159,0.5781818181818181,,,,,,,,,,,,,,,,,,,,,,,,,,,,,,,,,,,,,,,,,,,,,,,,,,,,125,65,0.52,,,,,,,,,,,,,,,,,,,,,,,,,,,,,,,,,,,,,,,,,,,,,,,,,,,,59,37,0.6271186440677966,,,,,,,,,,,,,,,,,,,,,,,,,,,,,,,,,,,,,,,,,,,,,,,,,,,,58,9,0.15517241379310345,,,,,,,,,,,,,,,,,,,,,,,,,,,,,,,,,,,,,,,,,,,,,,,,,,,,628,489,0.7786624203821656,,,,,,,,,,,,,,,,,,,,,,,,,,,,,,,,,,,,,,,,,,,,,,,,,,,,,,,,,,0.5702217529039071,,,,,,,,,,0.5702217529039071,,,,,,,,
0.5512295081967215,0.5233463035019456,0.6265984654731458,blip2-flan-t5-xl,0.5822510822510822,269-245-466-193,0_prompt,True,2,275,159,0.5781818181818181,,,,,,,,,,,,,,,,,,,,,,,,,,,,,,,,,,,,,,,,,,,,,,,,,,,,125,64,0.512,,,,,,,,,,,,,,,,,,,,,,,,,,,,,,,,,,,,,,,,,,,,,,,,,,,,59,37,0.6271186440677966,,,,,,,,,,,,,,,,,,,,,,,,,,,,,,,,,,,,,,,,,,,,,,,,,,,,58,9,0.15517241379310345,,,,,,,,,,,,,,,,,,,,,,,,,,,,,,,,,,,,,,,,,,,,,,,,,,,,628,466,0.7420382165605095,,,,,,,,,,,,,,,,,,,,,,,,,,,,,,,,,,,,,,,,,,,,,,,,,,,,,,,,,,0.5512295081967215,,,,,,,,,,0.5512295081967215,,,,,,,,
0.5371312309257376,0.5136186770428015,0.6130952380952381,blip2-flan-t5-xl,0.5628997867803838,264-250-457-205,0_prompt,True,1,275,156,0.5672727272727273,,,,,,,,,,,,,,,,,,,,,,,,,,,,,,,,,,,,,,,,,,,,,,,,,,,,125,62,0.496,,,,,,,,,,,,,,,,,,,,,,,,,,,,,,,,,,,,,,,,,,,,,,,,,,,,59,37,0.6271186440677966,,,,,,,,,,,,,,,,,,,,,,,,,,,,,,,,,,,,,,,,,,,,,,,,,,,,58,9,0.15517241379310345,,,,,,,,,,,,,,,,,,,,,,,,,,,,,,,,,,,,,,,,,,,,,,,,,,,,628,457,0.7277070063694268,,,,,,,,,,,,,,,,,,,,,,,,,,,,,,,,,,,,,,,,,,,,,,,,,,,,,,,,,,0.5371312309257376,,,,,,,,,,0.5371312309257376,,,,,,,,
0.5537383177570093,0.4601941747572815,0.6737830913748932,blip2-flan-t5-xl,0.6950146627565983,237-278-552-104,0_prompt,True,0,275,157,0.5709090909090909,,,,,,,,,,,,,,,,,,,,,,,,,,,,,,,,,,,,,,,,,,,,,,,,,,,,125,49,0.392,,,,,,,,,,,,,,,,,,,,,,,,,,,,,,,,,,,,,,,,,,,,,,,,,,,,59,31,0.5254237288135594,,,,,,,,,,,,,,,,,,,,,,,,,,,,,,,,,,,,,,,,,,,,,,,,,,,,58,0,0.0,,,,,,,,,,,,,,,,,,,,,,,,,,,,,,,,,,,,,,,,,,,,,,,,,,,,628,552,0.8789808917197452,,,,,,,,,,,,,,,,,,,,,,,,,,,,,,,,,,,,,,,,,,,,,,,,,,,,,,,,,,0.5537383177570093,,,,,,,,,,0.5537383177570093,,,,,,,,
0.5540704738760631,0.4418604651162791,0.6838931955211025,blip2-flan-t5-xl,0.742671009771987,228-288-566-79,4_prompt,False,8,,,,,,,,,,,,,,,,,,,,,,,,,,,,,,,,,,,,,,,,275,152,0.5527272727272727,,,,,,,,,,,,,,,,,,,,,,,,,,,,,,,,,,,,,,,,,,,,,,,,,,,,125,49,0.392,,,,,,,,,,,,,,,,,,,,,,,,,,,,,,,,,,,,,,,,,,,,,,,,,,,,59,26,0.4406779661016949,,,,,,,,,,,,,,,,,,,,,,,,,,,,,,,,,,,,,,,,,,,,,,,,,,,,58,1,0.017241379310344827,,,,,,,,,,,,,,,,,,,,,,,,,,,,,,,,,,,,,,,,,,,,,,,,,,,,628,566,0.9012738853503185,,,,,,,,,,,,,,0.5540704738760631,,,,,,0.5540704738760631,,,,,,,,,,0.5540704738760631,,,,,,,
0.549636803874092,0.4407766990291262,0.6795865633074936,blip2-flan-t5-xl,0.729903536977492,227-288-562-84,4_prompt,False,7,,,,,,,,,,,,,,,,,,,,,,,,,,,,,,,,,,,,,,,,275,153,0.5563636363636364,,,,,,,,,,,,,,,,,,,,,,,,,,,,,,,,,,,,,,,,,,,,,,,,,,,,125,46,0.368,,,,,,,,,,,,,,,,,,,,,,,,,,,,,,,,,,,,,,,,,,,,,,,,,,,,59,27,0.4576271186440678,,,,,,,,,,,,,,,,,,,,,,,,,,,,,,,,,,,,,,,,,,,,,,,,,,,,58,1,0.017241379310344827,,,,,,,,,,,,,,,,,,,,,,,,,,,,,,,,,,,,,,,,,,,,,,,,,,,,628,562,0.8949044585987261,,,,,,,,,,,,,,0.549636803874092,,,,,,0.549636803874092,,,,,,,,,,0.549636803874092,,,,,,,
0.5437125748502993,0.4407766990291262,0.6721170395869192,blip2-flan-t5-xl,0.709375,227-288-554-93,4_prompt,False,6,,,,,,,,,,,,,,,,,,,,,,,,,,,,,,,,,,,,,,,,275,150,0.5454545454545454,,,,,,,,,,,,,,,,,,,,,,,,,,,,,,,,,,,,,,,,,,,,,,,,,,,,125,47,0.376,,,,,,,,,,,,,,,,,,,,,,,,,,,,,,,,,,,,,,,,,,,,,,,,,,,,59,29,0.4915254237288136,,,,,,,,,,,,,,,,,,,,,,,,,,,,,,,,,,,,,,,,,,,,,,,,,,,,58,1,0.017241379310344827,,,,,,,,,,,,,,,,,,,,,,,,,,,,,,,,,,,,,,,,,,,,,,,,,,,,628,554,0.8821656050955414,,,,,,,,,,,,,,0.5437125748502993,,,,,,0.5437125748502993,,,,,,,,,,0.5437125748502993,,,,,,,
0.5538089480048368,0.4437984496124031,0.6829896907216495,blip2-flan-t5-xl,0.7363344051446945,229-287-566-82,4_prompt,False,5,,,,,,,,,,,,,,,,,,,,,,,,,,,,,,,,,,,,,,,,275,153,0.5563636363636364,,,,,,,,,,,,,,,,,,,,,,,,,,,,,,,,,,,,,,,,,,,,,,,,,,,,125,47,0.376,,,,,,,,,,,,,,,,,,,,,,,,,,,,,,,,,,,,,,,,,,,,,,,,,,,,59,28,0.4745762711864407,,,,,,,,,,,,,,,,,,,,,,,,,,,,,,,,,,,,,,,,,,,,,,,,,,,,58,1,0.017241379310344827,,,,,,,,,,,,,,,,,,,,,,,,,,,,,,,,,,,,,,,,,,,,,,,,,,,,628,566,0.9012738853503185,,,,,,,,,,,,,,0.5538089480048368,,,,,,0.5538089480048368,,,,,,,,,,0.5538089480048368,,,,,,,
0.532675709001233,0.4186046511627907,0.673557278208441,blip2-flan-t5-xl,0.7322033898305085,216-300-566-79,4_prompt,False,4,,,,,,,,,,,,,,,,,,,,,,,,,,,,,,,,,,,,,,,,275,146,0.5309090909090909,,,,,,,,,,,,,,,,,,,,,,,,,,,,,,,,,,,,,,,,,,,,,,,,,,,,125,44,0.352,,,,,,,,,,,,,,,,,,,,,,,,,,,,,,,,,,,,,,,,,,,,,,,,,,,,59,25,0.423728813559322,,,,,,,,,,,,,,,,,,,,,,,,,,,,,,,,,,,,,,,,,,,,,,,,,,,,58,1,0.017241379310344827,,,,,,,,,,,,,,,,,,,,,,,,,,,,,,,,,,,,,,,,,,,,,,,,,,,,628,566,0.9012738853503185,,,,,,,,,,,,,,0.532675709001233,,,,,,0.532675709001233,,,,,,,,,,0.532675709001233,,,,,,,
0.5472154963680388,0.437984496124031,0.6781411359724613,blip2-flan-t5-xl,0.7290322580645161,226-290-562-84,4_prompt,False,3,,,,,,,,,,,,,,,,,,,,,,,,,,,,,,,,,,,,,,,,275,152,0.5527272727272727,,,,,,,,,,,,,,,,,,,,,,,,,,,,,,,,,,,,,,,,,,,,,,,,,,,,125,47,0.376,,,,,,,,,,,,,,,,,,,,,,,,,,,,,,,,,,,,,,,,,,,,,,,,,,,,59,26,0.4406779661016949,,,,,,,,,,,,,,,,,,,,,,,,,,,,,,,,,,,,,,,,,,,,,,,,,,,,58,1,0.017241379310344827,,,,,,,,,,,,,,,,,,,,,,,,,,,,,,,,,,,,,,,,,,,,,,,,,,,,628,562,0.8949044585987261,,,,,,,,,,,,,,0.5472154963680388,,,,,,0.5472154963680388,,,,,,,,,,0.5472154963680388,,,,,,,
0.5402160864345739,0.436046511627907,0.6718080548414739,blip2-flan-t5-xl,0.7097791798107256,225-291-559-92,4_prompt,False,2,,,,,,,,,,,,,,,,,,,,,,,,,,,,,,,,,,,,,,,,275,151,0.5490909090909091,,,,,,,,,,,,,,,,,,,,,,,,,,,,,,,,,,,,,,,,,,,,,,,,,,,,125,46,0.368,,,,,,,,,,,,,,,,,,,,,,,,,,,,,,,,,,,,,,,,,,,,,,,,,,,,59,27,0.4576271186440678,,,,,,,,,,,,,,,,,,,,,,,,,,,,,,,,,,,,,,,,,,,,,,,,,,,,58,1,0.017241379310344827,,,,,,,,,,,,,,,,,,,,,,,,,,,,,,,,,,,,,,,,,,,,,,,,,,,,628,559,0.8901273885350318,,,,,,,,,,,,,,0.5402160864345739,,,,,,0.5402160864345739,,,,,,,,,,0.5402160864345739,,,,,,,
0.5072655217965653,0.37209302325581395,0.6787252368647717,blip2-flan-t5-xl,0.7966804979253111,192-324-596-49,4_prompt,False,1,,,,,,,,,,,,,,,,,,,,,,,,,,,,,,,,,,,,,,,,275,143,0.52,,,,,,,,,,,,,,,,,,,,,,,,,,,,,,,,,,,,,,,,,,,,,,,,,,,,125,22,0.176,,,,,,,,,,,,,,,,,,,,,,,,,,,,,,,,,,,,,,,,,,,,,,,,,,,,59,26,0.4406779661016949,,,,,,,,,,,,,,,,,,,,,,,,,,,,,,,,,,,,,,,,,,,,,,,,,,,,58,1,0.017241379310344827,,,,,,,,,,,,,,,,,,,,,,,,,,,,,,,,,,,,,,,,,,,,,,,,,,,,628,596,0.9490445859872612,,,,,,,,,,,,,,0.5072655217965653,,,,,,0.5072655217965653,,,,,,,,,,0.5072655217965653,,,,,,,
0.45428571428571424,0.30754352030947774,0.6689774696707106,blip2-flan-t5-xl,0.8688524590163934,159-358-613-24,4_prompt,False,0,,,,,,,,,,,,,,,,,,,,,,,,,,,,,,,,,,,,,,,,275,115,0.41818181818181815,,,,,,,,,,,,,,,,,,,,,,,,,,,,,,,,,,,,,,,,,,,,,,,,,,,,125,25,0.2,,,,,,,,,,,,,,,,,,,,,,,,,,,,,,,,,,,,,,,,,,,,,,,,,,,,59,19,0.3220338983050847,,,,,,,,,,,,,,,,,,,,,,,,,,,,,,,,,,,,,,,,,,,,,,,,,,,,58,0,0.0,,,,,,,,,,,,,,,,,,,,,,,,,,,,,,,,,,,,,,,,,,,,,,,,,,,,628,613,0.9761146496815286,,,,,,,,,,,,,,0.45428571428571424,,,,,,0.45428571428571424,,,,,,,,,,0.45428571428571424,,,,,,,
0.5351089588377723,0.429126213592233,0.6698194325021496,blip2-flan-t5-xl,0.7106109324758842,221-294-558-90,4_prompt,True,8,,,,,,,,,,,,,275,142,0.5163636363636364,,,,,,,,,,,,,,,,,,,,,,,,,,,,,,,,,,,,,,,,,,,,,,,,,,,,125,50,0.4,,,,,,,,,,,,,,,,,,,,,,,,,,,,,,,,,,,,,,,,,,,,,,,,,,,,59,28,0.4745762711864407,,,,,,,,,,,,,,,,,,,,,,,,,,,,,,,,,,,,,,,,,,,,,,,,,,,,58,1,0.017241379310344827,,,,,,,,,,,,,,,,,,,,,,,,,,,,,,,,,,,,,,,,,,,,,,,,,,,,628,558,0.8885350318471338,,,,,,,,,,,,,,,,,,,,,,,,,,,,,,,,,,,,,,,,,,,,,,,,0.5351089588377723,,,,,,,,,,0.5351089588377723,,,,,,
0.540803897685749,0.43106796116504853,0.6752799310938846,blip2-flan-t5-xl,0.7254901960784313,222-293-562-84,4_prompt,True,7,,,,,,,,,,,,,275,141,0.5127272727272727,,,,,,,,,,,,,,,,,,,,,,,,,,,,,,,,,,,,,,,,,,,,,,,,,,,,125,51,0.408,,,,,,,,,,,,,,,,,,,,,,,,,,,,,,,,,,,,,,,,,,,,,,,,,,,,59,29,0.4915254237288136,,,,,,,,,,,,,,,,,,,,,,,,,,,,,,,,,,,,,,,,,,,,,,,,,,,,58,1,0.017241379310344827,,,,,,,,,,,,,,,,,,,,,,,,,,,,,,,,,,,,,,,,,,,,,,,,,,,,628,562,0.8949044585987261,,,,,,,,,,,,,,,,,,,,,,,,,,,,,,,,,,,,,,,,,,,,,,,,0.540803897685749,,,,,,,,,,0.540803897685749,,,,,,
0.5338164251207729,0.429126213592233,0.6678141135972461,blip2-flan-t5-xl,0.7060702875399361,221-294-555-92,4_prompt,True,6,,,,,,,,,,,,,275,142,0.5163636363636364,,,,,,,,,,,,,,,,,,,,,,,,,,,,,,,,,,,,,,,,,,,,,,,,,,,,125,50,0.4,,,,,,,,,,,,,,,,,,,,,,,,,,,,,,,,,,,,,,,,,,,,,,,,,,,,59,28,0.4745762711864407,,,,,,,,,,,,,,,,,,,,,,,,,,,,,,,,,,,,,,,,,,,,,,,,,,,,58,1,0.017241379310344827,,,,,,,,,,,,,,,,,,,,,,,,,,,,,,,,,,,,,,,,,,,,,,,,,,,,628,555,0.8837579617834395,,,,,,,,,,,,,,,,,,,,,,,,,,,,,,,,,,,,,,,,,,,,,,,,0.5338164251207729,,,,,,,,,,0.5338164251207729,,,,,,
0.5372405372405372,0.4263565891472868,0.6746781115879829,blip2-flan-t5-xl,0.7260726072607261,220-296-566-83,4_prompt,True,5,,,,,,,,,,,,,275,143,0.52,,,,,,,,,,,,,,,,,,,,,,,,,,,,,,,,,,,,,,,,,,,,,,,,,,,,125,49,0.392,,,,,,,,,,,,,,,,,,,,,,,,,,,,,,,,,,,,,,,,,,,,,,,,,,,,59,27,0.4576271186440678,,,,,,,,,,,,,,,,,,,,,,,,,,,,,,,,,,,,,,,,,,,,,,,,,,,,58,1,0.017241379310344827,,,,,,,,,,,,,,,,,,,,,,,,,,,,,,,,,,,,,,,,,,,,,,,,,,,,628,566,0.9012738853503185,,,,,,,,,,,,,,,,,,,,,,,,,,,,,,,,,,,,,,,,,,,,,,,,0.5372405372405372,,,,,,,,,,0.5372405372405372,,,,,,
0.5218476903870163,0.4050387596899225,0.6703958691910499,blip2-flan-t5-xl,0.7333333333333333,209-307-570-76,4_prompt,True,4,,,,,,,,,,,,,275,136,0.49454545454545457,,,,,,,,,,,,,,,,,,,,,,,,,,,,,,,,,,,,,,,,,,,,,,,,,,,,125,46,0.368,,,,,,,,,,,,,,,,,,,,,,,,,,,,,,,,,,,,,,,,,,,,,,,,,,,,59,26,0.4406779661016949,,,,,,,,,,,,,,,,,,,,,,,,,,,,,,,,,,,,,,,,,,,,,,,,,,,,58,1,0.017241379310344827,,,,,,,,,,,,,,,,,,,,,,,,,,,,,,,,,,,,,,,,,,,,,,,,,,,,628,570,0.9076433121019108,,,,,,,,,,,,,,,,,,,,,,,,,,,,,,,,,,,,,,,,,,,,,,,,0.5218476903870163,,,,,,,,,,0.5218476903870163,,,,,,
0.5214198286413709,0.4127906976744186,0.6640893470790378,blip2-flan-t5-xl,0.707641196013289,213-303-560-88,4_prompt,True,3,,,,,,,,,,,,,275,139,0.5054545454545455,,,,,,,,,,,,,,,,,,,,,,,,,,,,,,,,,,,,,,,,,,,,,,,,,,,,125,46,0.368,,,,,,,,,,,,,,,,,,,,,,,,,,,,,,,,,,,,,,,,,,,,,,,,,,,,59,27,0.4576271186440678,,,,,,,,,,,,,,,,,,,,,,,,,,,,,,,,,,,,,,,,,,,,,,,,,,,,58,1,0.017241379310344827,,,,,,,,,,,,,,,,,,,,,,,,,,,,,,,,,,,,,,,,,,,,,,,,,,,,628,560,0.89171974522293,,,,,,,,,,,,,,,,,,,,,,,,,,,,,,,,,,,,,,,,,,,,,,,,0.5214198286413709,,,,,,,,,,0.5214198286413709,,,,,,
0.530562347188264,0.4197292069632495,0.6706689536878216,blip2-flan-t5-xl,0.7209302325581395,217-300-565-84,4_prompt,True,2,,,,,,,,,,,,,275,143,0.52,,,,,,,,,,,,,,,,,,,,,,,,,,,,,,,,,,,,,,,,,,,,,,,,,,,,125,46,0.368,,,,,,,,,,,,,,,,,,,,,,,,,,,,,,,,,,,,,,,,,,,,,,,,,,,,59,27,0.4576271186440678,,,,,,,,,,,,,,,,,,,,,,,,,,,,,,,,,,,,,,,,,,,,,,,,,,,,58,1,0.017241379310344827,,,,,,,,,,,,,,,,,,,,,,,,,,,,,,,,,,,,,,,,,,,,,,,,,,,,628,565,0.8996815286624203,,,,,,,,,,,,,,,,,,,,,,,,,,,,,,,,,,,,,,,,,,,,,,,,0.530562347188264,,,,,,,,,,0.530562347188264,,,,,,
0.5280199252801993,0.4108527131782946,0.6741186586414445,blip2-flan-t5-xl,0.7386759581881533,212-304-572-75,4_prompt,True,1,,,,,,,,,,,,,275,143,0.52,,,,,,,,,,,,,,,,,,,,,,,,,,,,,,,,,,,,,,,,,,,,,,,,,,,,125,41,0.328,,,,,,,,,,,,,,,,,,,,,,,,,,,,,,,,,,,,,,,,,,,,,,,,,,,,59,27,0.4576271186440678,,,,,,,,,,,,,,,,,,,,,,,,,,,,,,,,,,,,,,,,,,,,,,,,,,,,58,1,0.017241379310344827,,,,,,,,,,,,,,,,,,,,,,,,,,,,,,,,,,,,,,,,,,,,,,,,,,,,628,572,0.910828025477707,,,,,,,,,,,,,,,,,,,,,,,,,,,,,,,,,,,,,,,,,,,,,,,,0.5280199252801993,,,,,,,,,,0.5280199252801993,,,,,,
0.4180790960451977,0.2862669245647969,0.6451335055986219,blip2-flan-t5-xl,0.774869109947644,148-369-601-43,4_prompt,True,0,,,,,,,,,,,,,275,100,0.36363636363636365,,,,,,,,,,,,,,,,,,,,,,,,,,,,,,,,,,,,,,,,,,,,,,,,,,,,125,31,0.248,,,,,,,,,,,,,,,,,,,,,,,,,,,,,,,,,,,,,,,,,,,,,,,,,,,,59,17,0.288135593220339,,,,,,,,,,,,,,,,,,,,,,,,,,,,,,,,,,,,,,,,,,,,,,,,,,,,58,0,0.0,,,,,,,,,,,,,,,,,,,,,,,,,,,,,,,,,,,,,,,,,,,,,,,,,,,,628,601,0.9570063694267515,,,,,,,,,,,,,,,,,,,,,,,,,,,,,,,,,,,,,,,,,,,,,,,,0.4180790960451977,,,,,,,,,,0.4180790960451977,,,,,,
0.5629791894852135,0.49902912621359224,0.659265584970111,blip2-flan-t5-xl,0.6457286432160804,257-258-515-141,2_prompt,False,8,,,,,,,,,,,,,,,,,,,,,,,,,,,,,,,,,,275,168,0.610909090909091,,,,,,,,,,,,,,,,,,,,,,,,,,,,,,,,,,,,,,,,,,,,,,,,,,,,125,55,0.44,,,,,,,,,,,,,,,,,,,,,,,,,,,,,,,,,,,,,,,,,,,,,,,,,,,,59,31,0.5254237288135594,,,,,,,,,,,,,,,,,,,,,,,,,,,,,,,,,,,,,,,,,,,,,,,,,,,,58,3,0.05172413793103448,,,,,,,,,,,,,,,,,,,,,,,,,,,,,,,,,,,,,,,,,,,,,,,,,,,,628,515,0.8200636942675159,,,,,,,,,,,,,,,,,,,,,0.5629791894852135,,,,,,,0.5629791894852135,,,,,,,,,,0.5629791894852135,,,,,
0.5589519650655022,0.4970873786407767,0.6549957301451751,blip2-flan-t5-xl,0.6384039900249376,256-259-511-145,2_prompt,False,7,,,,,,,,,,,,,,,,,,,,,,,,,,,,,,,,,,275,172,0.6254545454545455,,,,,,,,,,,,,,,,,,,,,,,,,,,,,,,,,,,,,,,,,,,,,,,,,,,,125,50,0.4,,,,,,,,,,,,,,,,,,,,,,,,,,,,,,,,,,,,,,,,,,,,,,,,,,,,59,30,0.5084745762711864,,,,,,,,,,,,,,,,,,,,,,,,,,,,,,,,,,,,,,,,,,,,,,,,,,,,58,4,0.06896551724137931,,,,,,,,,,,,,,,,,,,,,,,,,,,,,,,,,,,,,,,,,,,,,,,,,,,,628,511,0.8136942675159236,,,,,,,,,,,,,,,,,,,,,0.5589519650655022,,,,,,,0.5589519650655022,,,,,,,,,,0.5589519650655022,,,,,
0.5661605206073753,0.5067961165048543,0.658703071672355,blip2-flan-t5-xl,0.6412776412776413,261-254-511-146,2_prompt,False,6,,,,,,,,,,,,,,,,,,,,,,,,,,,,,,,,,,275,170,0.6181818181818182,,,,,,,,,,,,,,,,,,,,,,,,,,,,,,,,,,,,,,,,,,,,,,,,,,,,125,54,0.432,,,,,,,,,,,,,,,,,,,,,,,,,,,,,,,,,,,,,,,,,,,,,,,,,,,,59,31,0.5254237288135594,,,,,,,,,,,,,,,,,,,,,,,,,,,,,,,,,,,,,,,,,,,,,,,,,,,,58,6,0.10344827586206896,,,,,,,,,,,,,,,,,,,,,,,,,,,,,,,,,,,,,,,,,,,,,,,,,,,,628,511,0.8136942675159236,,,,,,,,,,,,,,,,,,,,,0.5661605206073753,,,,,,,0.5661605206073753,,,,,,,,,,0.5661605206073753,,,,,
0.58,0.5067961165048543,0.6782978723404255,blip2-flan-t5-xl,0.6779220779220779,261-254-536-124,2_prompt,False,5,,,,,,,,,,,,,,,,,,,,,,,,,,,,,,,,,,275,178,0.6472727272727272,,,,,,,,,,,,,,,,,,,,,,,,,,,,,,,,,,,,,,,,,,,,,,,,,,,,125,46,0.368,,,,,,,,,,,,,,,,,,,,,,,,,,,,,,,,,,,,,,,,,,,,,,,,,,,,59,34,0.576271186440678,,,,,,,,,,,,,,,,,,,,,,,,,,,,,,,,,,,,,,,,,,,,,,,,,,,,58,3,0.05172413793103448,,,,,,,,,,,,,,,,,,,,,,,,,,,,,,,,,,,,,,,,,,,,,,,,,,,,628,536,0.8535031847133758,,,,,,,,,,,,,,,,,,,,,0.58,,,,,,,0.58,,,,,,,,,,0.58,,,,,
0.5698070374574347,0.487378640776699,0.6760683760683761,blip2-flan-t5-xl,0.6857923497267759,251-264-540-115,2_prompt,False,4,,,,,,,,,,,,,,,,,,,,,,,,,,,,,,,,,,275,172,0.6254545454545455,,,,,,,,,,,,,,,,,,,,,,,,,,,,,,,,,,,,,,,,,,,,,,,,,,,,125,46,0.368,,,,,,,,,,,,,,,,,,,,,,,,,,,,,,,,,,,,,,,,,,,,,,,,,,,,59,29,0.4915254237288136,,,,,,,,,,,,,,,,,,,,,,,,,,,,,,,,,,,,,,,,,,,,,,,,,,,,58,4,0.06896551724137931,,,,,,,,,,,,,,,,,,,,,,,,,,,,,,,,,,,,,,,,,,,,,,,,,,,,628,540,0.8598726114649682,,,,,,,,,,,,,,,,,,,,,0.5698070374574347,,,,,,,0.5698070374574347,,,,,,,,,,0.5698070374574347,,,,,
0.5795454545454546,0.49514563106796117,0.6834901625320787,blip2-flan-t5-xl,0.6986301369863014,255-260-544-110,2_prompt,False,3,,,,,,,,,,,,,,,,,,,,,,,,,,,,,,,,,,275,174,0.6327272727272727,,,,,,,,,,,,,,,,,,,,,,,,,,,,,,,,,,,,,,,,,,,,,,,,,,,,125,48,0.384,,,,,,,,,,,,,,,,,,,,,,,,,,,,,,,,,,,,,,,,,,,,,,,,,,,,59,31,0.5254237288135594,,,,,,,,,,,,,,,,,,,,,,,,,,,,,,,,,,,,,,,,,,,,,,,,,,,,58,2,0.034482758620689655,,,,,,,,,,,,,,,,,,,,,,,,,,,,,,,,,,,,,,,,,,,,,,,,,,,,628,544,0.8662420382165605,,,,,,,,,,,,,,,,,,,,,0.5795454545454546,,,,,,,0.5795454545454546,,,,,,,,,,0.5795454545454546,,,,,
0.5627044711014177,0.5009708737864078,0.6575576430401366,blip2-flan-t5-xl,0.6417910447761194,258-257-512-144,2_prompt,False,2,,,,,,,,,,,,,,,,,,,,,,,,,,,,,,,,,,275,171,0.6218181818181818,,,,,,,,,,,,,,,,,,,,,,,,,,,,,,,,,,,,,,,,,,,,,,,,,,,,125,49,0.392,,,,,,,,,,,,,,,,,,,,,,,,,,,,,,,,,,,,,,,,,,,,,,,,,,,,59,31,0.5254237288135594,,,,,,,,,,,,,,,,,,,,,,,,,,,,,,,,,,,,,,,,,,,,,,,,,,,,58,7,0.1206896551724138,,,,,,,,,,,,,,,,,,,,,,,,,,,,,,,,,,,,,,,,,,,,,,,,,,,,628,512,0.8152866242038217,,,,,,,,,,,,,,,,,,,,,0.5627044711014177,,,,,,,0.5627044711014177,,,,,,,,,,0.5627044711014177,,,,,
0.535840188014101,0.44271844660194176,0.6615252784918595,blip2-flan-t5-xl,0.6785714285714286,228-287-544-108,2_prompt,False,1,,,,,,,,,,,,,,,,,,,,,,,,,,,,,,,,,,275,154,0.56,,,,,,,,,,,,,,,,,,,,,,,,,,,,,,,,,,,,,,,,,,,,,,,,,,,,125,40,0.32,,,,,,,,,,,,,,,,,,,,,,,,,,,,,,,,,,,,,,,,,,,,,,,,,,,,59,32,0.5423728813559322,,,,,,,,,,,,,,,,,,,,,,,,,,,,,,,,,,,,,,,,,,,,,,,,,,,,58,2,0.034482758620689655,,,,,,,,,,,,,,,,,,,,,,,,,,,,,,,,,,,,,,,,,,,,,,,,,,,,628,544,0.8662420382165605,,,,,,,,,,,,,,,,,,,,,0.535840188014101,,,,,,,0.535840188014101,,,,,,,,,,0.535840188014101,,,,,
0.5357142857142858,0.4069767441860465,0.6907391673746814,blip2-flan-t5-xl,0.7835820895522388,210-306-603-58,2_prompt,False,0,,,,,,,,,,,,,,,,,,,,,,,,,,,,,,,,,,275,158,0.5745454545454546,,,,,,,,,,,,,,,,,,,,,,,,,,,,,,,,,,,,,,,,,,,,,,,,,,,,125,28,0.224,,,,,,,,,,,,,,,,,,,,,,,,,,,,,,,,,,,,,,,,,,,,,,,,,,,,59,24,0.4067796610169492,,,,,,,,,,,,,,,,,,,,,,,,,,,,,,,,,,,,,,,,,,,,,,,,,,,,58,0,0.0,,,,,,,,,,,,,,,,,,,,,,,,,,,,,,,,,,,,,,,,,,,,,,,,,,,,628,603,0.9601910828025477,,,,,,,,,,,,,,,,,,,,,0.5357142857142858,,,,,,,0.5357142857142858,,,,,,,,,,0.5357142857142858,,,,,
0.578177727784027,0.49902912621359224,0.6775580395528805,blip2-flan-t5-xl,0.6871657754010695,257-258-531-117,2_prompt,True,8,,,,,,,275,165,0.6,,,,,,,,,,,,,,,,,,,,,,,,,,,,,,,,,,,,,,,,,,,,,,,,,,,,125,56,0.448,,,,,,,,,,,,,,,,,,,,,,,,,,,,,,,,,,,,,,,,,,,,,,,,,,,,59,33,0.559322033898305,,,,,,,,,,,,,,,,,,,,,,,,,,,,,,,,,,,,,,,,,,,,,,,,,,,,58,3,0.05172413793103448,,,,,,,,,,,,,,,,,,,,,,,,,,,,,,,,,,,,,,,,,,,,,,,,,,,,628,531,0.8455414012738853,,,,,,,,,,,,,,,,,,,,,,,,,,,,,,,,,,,,,,,,,,,,,,,,,,,,,,,,0.578177727784027,,,,,,,,,,0.578177727784027,,,,
0.583795782463929,0.5106796116504855,0.679213002566296,blip2-flan-t5-xl,0.6813471502590673,263-252-531-123,2_prompt,True,7,,,,,,,275,173,0.6290909090909091,,,,,,,,,,,,,,,,,,,,,,,,,,,,,,,,,,,,,,,,,,,,,,,,,,,,125,54,0.432,,,,,,,,,,,,,,,,,,,,,,,,,,,,,,,,,,,,,,,,,,,,,,,,,,,,59,32,0.5423728813559322,,,,,,,,,,,,,,,,,,,,,,,,,,,,,,,,,,,,,,,,,,,,,,,,,,,,58,4,0.06896551724137931,,,,,,,,,,,,,,,,,,,,,,,,,,,,,,,,,,,,,,,,,,,,,,,,,,,,628,531,0.8455414012738853,,,,,,,,,,,,,,,,,,,,,,,,,,,,,,,,,,,,,,,,,,,,,,,,,,,,,,,,0.583795782463929,,,,,,,,,,0.583795782463929,,,,
0.5770925110132159,0.5087378640776699,0.6717948717948717,blip2-flan-t5-xl,0.6666666666666666,262-253-524-131,2_prompt,True,6,,,,,,,275,171,0.6218181818181818,,,,,,,,,,,,,,,,,,,,,,,,,,,,,,,,,,,,,,,,,,,,,,,,,,,,125,55,0.44,,,,,,,,,,,,,,,,,,,,,,,,,,,,,,,,,,,,,,,,,,,,,,,,,,,,59,33,0.559322033898305,,,,,,,,,,,,,,,,,,,,,,,,,,,,,,,,,,,,,,,,,,,,,,,,,,,,58,3,0.05172413793103448,,,,,,,,,,,,,,,,,,,,,,,,,,,,,,,,,,,,,,,,,,,,,,,,,,,,628,524,0.8343949044585988,,,,,,,,,,,,,,,,,,,,,,,,,,,,,,,,,,,,,,,,,,,,,,,,,,,,,,,,0.5770925110132159,,,,,,,,,,0.5770925110132159,,,,
0.5966101694915255,0.512621359223301,0.6935622317596567,blip2-flan-t5-xl,0.7135135135135136,264-251-544-106,2_prompt,True,5,,,,,,,275,177,0.6436363636363637,,,,,,,,,,,,,,,,,,,,,,,,,,,,,,,,,,,,,,,,,,,,,,,,,,,,125,50,0.4,,,,,,,,,,,,,,,,,,,,,,,,,,,,,,,,,,,,,,,,,,,,,,,,,,,,59,35,0.5932203389830508,,,,,,,,,,,,,,,,,,,,,,,,,,,,,,,,,,,,,,,,,,,,,,,,,,,,58,2,0.034482758620689655,,,,,,,,,,,,,,,,,,,,,,,,,,,,,,,,,,,,,,,,,,,,,,,,,,,,628,544,0.8662420382165605,,,,,,,,,,,,,,,,,,,,,,,,,,,,,,,,,,,,,,,,,,,,,,,,,,,,,,,,0.5966101694915255,,,,,,,,,,0.5966101694915255,,,,
0.581986143187067,0.4893203883495146,0.6890034364261168,blip2-flan-t5-xl,0.717948717948718,252-263-550-99,2_prompt,True,4,,,,,,,275,166,0.6036363636363636,,,,,,,,,,,,,,,,,,,,,,,,,,,,,,,,,,,,,,,,,,,,,,,,,,,,125,52,0.416,,,,,,,,,,,,,,,,,,,,,,,,,,,,,,,,,,,,,,,,,,,,,,,,,,,,59,32,0.5423728813559322,,,,,,,,,,,,,,,,,,,,,,,,,,,,,,,,,,,,,,,,,,,,,,,,,,,,58,2,0.034482758620689655,,,,,,,,,,,,,,,,,,,,,,,,,,,,,,,,,,,,,,,,,,,,,,,,,,,,628,550,0.8757961783439491,,,,,,,,,,,,,,,,,,,,,,,,,,,,,,,,,,,,,,,,,,,,,,,,,,,,,,,,0.581986143187067,,,,,,,,,,0.581986143187067,,,,
0.581901489117984,0.49320388349514566,0.6866952789699571,blip2-flan-t5-xl,0.7094972067039106,254-261-546-104,2_prompt,True,3,,,,,,,275,167,0.6072727272727273,,,,,,,,,,,,,,,,,,,,,,,,,,,,,,,,,,,,,,,,,,,,,,,,,,,,125,53,0.424,,,,,,,,,,,,,,,,,,,,,,,,,,,,,,,,,,,,,,,,,,,,,,,,,,,,59,32,0.5423728813559322,,,,,,,,,,,,,,,,,,,,,,,,,,,,,,,,,,,,,,,,,,,,,,,,,,,,58,2,0.034482758620689655,,,,,,,,,,,,,,,,,,,,,,,,,,,,,,,,,,,,,,,,,,,,,,,,,,,,628,546,0.8694267515923567,,,,,,,,,,,,,,,,,,,,,,,,,,,,,,,,,,,,,,,,,,,,,,,,,,,,,,,,0.581901489117984,,,,,,,,,,0.581901489117984,,,,
0.5777777777777778,0.5048543689320388,0.6754910333048676,blip2-flan-t5-xl,0.6753246753246753,260-255-531-125,2_prompt,True,2,,,,,,,275,172,0.6254545454545455,,,,,,,,,,,,,,,,,,,,,,,,,,,,,,,,,,,,,,,,,,,,,,,,,,,,125,52,0.416,,,,,,,,,,,,,,,,,,,,,,,,,,,,,,,,,,,,,,,,,,,,,,,,,,,,59,32,0.5423728813559322,,,,,,,,,,,,,,,,,,,,,,,,,,,,,,,,,,,,,,,,,,,,,,,,,,,,58,4,0.06896551724137931,,,,,,,,,,,,,,,,,,,,,,,,,,,,,,,,,,,,,,,,,,,,,,,,,,,,628,531,0.8455414012738853,,,,,,,,,,,,,,,,,,,,,,,,,,,,,,,,,,,,,,,,,,,,,,,,,,,,,,,,0.5777777777777778,,,,,,,,,,0.5777777777777778,,,,
0.5587892898719441,0.46601941747572817,0.6743986254295533,blip2-flan-t5-xl,0.6976744186046512,240-275-545-104,2_prompt,True,1,,,,,,,275,159,0.5781818181818181,,,,,,,,,,,,,,,,,,,,,,,,,,,,,,,,,,,,,,,,,,,,,,,,,,,,125,45,0.36,,,,,,,,,,,,,,,,,,,,,,,,,,,,,,,,,,,,,,,,,,,,,,,,,,,,59,33,0.559322033898305,,,,,,,,,,,,,,,,,,,,,,,,,,,,,,,,,,,,,,,,,,,,,,,,,,,,58,3,0.05172413793103448,,,,,,,,,,,,,,,,,,,,,,,,,,,,,,,,,,,,,,,,,,,,,,,,,,,,628,545,0.8678343949044586,,,,,,,,,,,,,,,,,,,,,,,,,,,,,,,,,,,,,,,,,,,,,,,,,,,,,,,,0.5587892898719441,,,,,,,,,,0.5587892898719441,,,,
0.5461346633416458,0.42441860465116277,0.6888888888888889,blip2-flan-t5-xl,0.7657342657342657,219-297-587-67,2_prompt,True,0,,,,,,,275,161,0.5854545454545454,,,,,,,,,,,,,,,,,,,,,,,,,,,,,,,,,,,,,,,,,,,,,,,,,,,,125,32,0.256,,,,,,,,,,,,,,,,,,,,,,,,,,,,,,,,,,,,,,,,,,,,,,,,,,,,59,26,0.4406779661016949,,,,,,,,,,,,,,,,,,,,,,,,,,,,,,,,,,,,,,,,,,,,,,,,,,,,58,0,0.0,,,,,,,,,,,,,,,,,,,,,,,,,,,,,,,,,,,,,,,,,,,,,,,,,,,,628,587,0.9347133757961783,,,,,,,,,,,,,,,,,,,,,,,,,,,,,,,,,,,,,,,,,,,,,,,,,,,,,,,,0.5461346633416458,,,,,,,,,,0.5461346633416458,,,,
0.5749718151071026,0.49514563106796117,0.6752799310938846,blip2-flan-t5-xl,0.6854838709677419,255-260-529-117,3_prompt,False,8,,,,,,,,,,,,,,,,,,,,,,,,,,,,,,,,,,,,,275,159,0.5781818181818181,,,,,,,,,,,,,,,,,,,,,,,,,,,,,,,,,,,,,,,,,,,,,,,,,,,,125,58,0.464,,,,,,,,,,,,,,,,,,,,,,,,,,,,,,,,,,,,,,,,,,,,,,,,,,,,59,35,0.5932203389830508,,,,,,,,,,,,,,,,,,,,,,,,,,,,,,,,,,,,,,,,,,,,,,,,,,,,58,3,0.05172413793103448,,,,,,,,,,,,,,,,,,,,,,,,,,,,,,,,,,,,,,,,,,,,,,,,,,,,628,529,0.8423566878980892,,,,,,,,,,,,,,,,,,,0.5749718151071026,,,,,,,,0.5749718151071026,,,,,,,,,,0.5749718151071026,,,
0.5717463848720801,0.49902912621359224,0.6683893195521102,blip2-flan-t5-xl,0.6692708333333334,257-258-519-127,3_prompt,False,7,,,,,,,,,,,,,,,,,,,,,,,,,,,,,,,,,,,,,275,160,0.5818181818181818,,,,,,,,,,,,,,,,,,,,,,,,,,,,,,,,,,,,,,,,,,,,,,,,,,,,125,60,0.48,,,,,,,,,,,,,,,,,,,,,,,,,,,,,,,,,,,,,,,,,,,,,,,,,,,,59,33,0.559322033898305,,,,,,,,,,,,,,,,,,,,,,,,,,,,,,,,,,,,,,,,,,,,,,,,,,,,58,4,0.06896551724137931,,,,,,,,,,,,,,,,,,,,,,,,,,,,,,,,,,,,,,,,,,,,,,,,,,,,628,519,0.8264331210191083,,,,,,,,,,,,,,,,,,,0.5717463848720801,,,,,,,,0.5717463848720801,,,,,,,,,,0.5717463848720801,,,
0.5669988925802879,0.4970873786407767,0.6635111876075731,blip2-flan-t5-xl,0.6597938144329897,256-259-515-132,3_prompt,False,6,,,,,,,,,,,,,,,,,,,,,,,,,,,,,,,,,,,,,275,158,0.5745454545454546,,,,,,,,,,,,,,,,,,,,,,,,,,,,,,,,,,,,,,,,,,,,,,,,,,,,125,59,0.472,,,,,,,,,,,,,,,,,,,,,,,,,,,,,,,,,,,,,,,,,,,,,,,,,,,,59,34,0.576271186440678,,,,,,,,,,,,,,,,,,,,,,,,,,,,,,,,,,,,,,,,,,,,,,,,,,,,58,5,0.08620689655172414,,,,,,,,,,,,,,,,,,,,,,,,,,,,,,,,,,,,,,,,,,,,,,,,,,,,628,515,0.8200636942675159,,,,,,,,,,,,,,,,,,,0.5669988925802879,,,,,,,,0.5669988925802879,,,,,,,,,,0.5669988925802879,,,
0.5759637188208617,0.49320388349514566,0.6784178847807395,blip2-flan-t5-xl,0.6920980926430518,254-261-535-113,3_prompt,False,5,,,,,,,,,,,,,,,,,,,,,,,,,,,,,,,,,,,,,275,163,0.5927272727272728,,,,,,,,,,,,,,,,,,,,,,,,,,,,,,,,,,,,,,,,,,,,,,,,,,,,125,52,0.416,,,,,,,,,,,,,,,,,,,,,,,,,,,,,,,,,,,,,,,,,,,,,,,,,,,,59,35,0.5932203389830508,,,,,,,,,,,,,,,,,,,,,,,,,,,,,,,,,,,,,,,,,,,,,,,,,,,,58,4,0.06896551724137931,,,,,,,,,,,,,,,,,,,,,,,,,,,,,,,,,,,,,,,,,,,,,,,,,,,,628,535,0.8519108280254777,,,,,,,,,,,,,,,,,,,0.5759637188208617,,,,,,,,0.5759637188208617,,,,,,,,,,0.5759637188208617,,,
0.5599078341013826,0.47184466019417476,0.6709732988802756,blip2-flan-t5-xl,0.6883852691218131,243-272-536-110,3_prompt,False,4,,,,,,,,,,,,,,,,,,,,,,,,,,,,,,,,,,,,,275,157,0.5709090909090909,,,,,,,,,,,,,,,,,,,,,,,,,,,,,,,,,,,,,,,,,,,,,,,,,,,,125,51,0.408,,,,,,,,,,,,,,,,,,,,,,,,,,,,,,,,,,,,,,,,,,,,,,,,,,,,59,31,0.5254237288135594,,,,,,,,,,,,,,,,,,,,,,,,,,,,,,,,,,,,,,,,,,,,,,,,,,,,58,4,0.06896551724137931,,,,,,,,,,,,,,,,,,,,,,,,,,,,,,,,,,,,,,,,,,,,,,,,,,,,628,536,0.8535031847133758,,,,,,,,,,,,,,,,,,,0.5599078341013826,,,,,,,,0.5599078341013826,,,,,,,,,,0.5599078341013826,,,
0.5701357466063348,0.4893203883495146,0.6729776247848537,blip2-flan-t5-xl,0.6829268292682927,252-263-530-117,3_prompt,False,3,,,,,,,,,,,,,,,,,,,,,,,,,,,,,,,,,,,,,275,159,0.5781818181818181,,,,,,,,,,,,,,,,,,,,,,,,,,,,,,,,,,,,,,,,,,,,,,,,,,,,125,53,0.424,,,,,,,,,,,,,,,,,,,,,,,,,,,,,,,,,,,,,,,,,,,,,,,,,,,,59,36,0.6101694915254238,,,,,,,,,,,,,,,,,,,,,,,,,,,,,,,,,,,,,,,,,,,,,,,,,,,,58,4,0.06896551724137931,,,,,,,,,,,,,,,,,,,,,,,,,,,,,,,,,,,,,,,,,,,,,,,,,,,,628,530,0.8439490445859873,,,,,,,,,,,,,,,,,,,0.5701357466063348,,,,,,,,0.5701357466063348,,,,,,,,,,0.5701357466063348,,,
0.5655913978494624,0.5106796116504855,0.6529209621993127,blip2-flan-t5-xl,0.6337349397590362,263-252-497-152,3_prompt,False,2,,,,,,,,,,,,,,,,,,,,,,,,,,,,,,,,,,,,,275,167,0.6072727272727273,,,,,,,,,,,,,,,,,,,,,,,,,,,,,,,,,,,,,,,,,,,,,,,,,,,,125,57,0.456,,,,,,,,,,,,,,,,,,,,,,,,,,,,,,,,,,,,,,,,,,,,,,,,,,,,59,33,0.559322033898305,,,,,,,,,,,,,,,,,,,,,,,,,,,,,,,,,,,,,,,,,,,,,,,,,,,,58,6,0.10344827586206896,,,,,,,,,,,,,,,,,,,,,,,,,,,,,,,,,,,,,,,,,,,,,,,,,,,,628,497,0.7914012738853503,,,,,,,,,,,,,,,,,,,0.5655913978494624,,,,,,,,0.5655913978494624,,,,,,,,,,0.5655913978494624,,,
0.5663322185061316,0.49320388349514566,0.6652323580034424,blip2-flan-t5-xl,0.6649214659685864,254-261-519-128,3_prompt,False,1,,,,,,,,,,,,,,,,,,,,,,,,,,,,,,,,,,,,,275,165,0.6,,,,,,,,,,,,,,,,,,,,,,,,,,,,,,,,,,,,,,,,,,,,,,,,,,,,125,50,0.4,,,,,,,,,,,,,,,,,,,,,,,,,,,,,,,,,,,,,,,,,,,,,,,,,,,,59,35,0.5932203389830508,,,,,,,,,,,,,,,,,,,,,,,,,,,,,,,,,,,,,,,,,,,,,,,,,,,,58,4,0.06896551724137931,,,,,,,,,,,,,,,,,,,,,,,,,,,,,,,,,,,,,,,,,,,,,,,,,,,,628,519,0.8264331210191083,,,,,,,,,,,,,,,,,,,0.5663322185061316,,,,,,,,0.5663322185061316,,,,,,,,,,0.5663322185061316,,,
0.5831265508684863,0.45542635658914726,0.711092003439381,blip2-flan-t5-xl,0.8103448275862069,235-281-592-55,3_prompt,False,0,,,,,,,,,,,,,,,,,,,,,,,,,,,,,,,,,,,,,275,171,0.6218181818181818,,,,,,,,,,,,,,,,,,,,,,,,,,,,,,,,,,,,,,,,,,,,,,,,,,,,125,35,0.28,,,,,,,,,,,,,,,,,,,,,,,,,,,,,,,,,,,,,,,,,,,,,,,,,,,,59,29,0.4915254237288136,,,,,,,,,,,,,,,,,,,,,,,,,,,,,,,,,,,,,,,,,,,,,,,,,,,,58,0,0.0,,,,,,,,,,,,,,,,,,,,,,,,,,,,,,,,,,,,,,,,,,,,,,,,,,,,628,592,0.9426751592356688,,,,,,,,,,,,,,,,,,,0.5831265508684863,,,,,,,,0.5831265508684863,,,,,,,,,,0.5831265508684863,,,
0.5832402234636871,0.5067961165048543,0.6781708369283865,blip2-flan-t5-xl,0.6868421052631579,261-254-525-119,3_prompt,True,8,,,,,,,,,,275,162,0.5890909090909091,,,,,,,,,,,,,,,,,,,,,,,,,,,,,,,,,,,,,,,,,,,,,,,,,,,,125,62,0.496,,,,,,,,,,,,,,,,,,,,,,,,,,,,,,,,,,,,,,,,,,,,,,,,,,,,59,34,0.576271186440678,,,,,,,,,,,,,,,,,,,,,,,,,,,,,,,,,,,,,,,,,,,,,,,,,,,,58,3,0.05172413793103448,,,,,,,,,,,,,,,,,,,,,,,,,,,,,,,,,,,,,,,,,,,,,,,,,,,,628,525,0.8359872611464968,,,,,,,,,,,,,,,,,,,,,,,,,,,,,,,,,,,,,,,,,,,,,,,,,,,,,,,0.5832402234636871,,,,,,,,,,0.5832402234636871,,
0.5723905723905724,0.49514563106796117,0.6718346253229974,blip2-flan-t5-xl,0.6781914893617021,255-260-525-121,3_prompt,True,7,,,,,,,,,,275,157,0.5709090909090909,,,,,,,,,,,,,,,,,,,,,,,,,,,,,,,,,,,,,,,,,,,,,,,,,,,,125,62,0.496,,,,,,,,,,,,,,,,,,,,,,,,,,,,,,,,,,,,,,,,,,,,,,,,,,,,59,33,0.559322033898305,,,,,,,,,,,,,,,,,,,,,,,,,,,,,,,,,,,,,,,,,,,,,,,,,,,,58,3,0.05172413793103448,,,,,,,,,,,,,,,,,,,,,,,,,,,,,,,,,,,,,,,,,,,,,,,,,,,,628,525,0.8359872611464968,,,,,,,,,,,,,,,,,,,,,,,,,,,,,,,,,,,,,,,,,,,,,,,,,,,,,,,0.5723905723905724,,,,,,,,,,0.5723905723905724,,
0.5675977653631284,0.49320388349514566,0.6666666666666666,blip2-flan-t5-xl,0.6684210526315789,254-261-520-126,3_prompt,True,6,,,,,,,,,,275,157,0.5709090909090909,,,,,,,,,,,,,,,,,,,,,,,,,,,,,,,,,,,,,,,,,,,,,,,,,,,,125,61,0.488,,,,,,,,,,,,,,,,,,,,,,,,,,,,,,,,,,,,,,,,,,,,,,,,,,,,59,33,0.559322033898305,,,,,,,,,,,,,,,,,,,,,,,,,,,,,,,,,,,,,,,,,,,,,,,,,,,,58,3,0.05172413793103448,,,,,,,,,,,,,,,,,,,,,,,,,,,,,,,,,,,,,,,,,,,,,,,,,,,,628,520,0.8280254777070064,,,,,,,,,,,,,,,,,,,,,,,,,,,,,,,,,,,,,,,,,,,,,,,,,,,,,,,0.5675977653631284,,,,,,,,,,0.5675977653631284,,
0.585310734463277,0.5029126213592233,0.6838931955211025,blip2-flan-t5-xl,0.7,259-256-535-111,3_prompt,True,5,,,,,,,,,,275,158,0.5745454545454546,,,,,,,,,,,,,,,,,,,,,,,,,,,,,,,,,,,,,,,,,,,,,,,,,,,,125,63,0.504,,,,,,,,,,,,,,,,,,,,,,,,,,,,,,,,,,,,,,,,,,,,,,,,,,,,59,35,0.5932203389830508,,,,,,,,,,,,,,,,,,,,,,,,,,,,,,,,,,,,,,,,,,,,,,,,,,,,58,3,0.05172413793103448,,,,,,,,,,,,,,,,,,,,,,,,,,,,,,,,,,,,,,,,,,,,,,,,,,,,628,535,0.8519108280254777,,,,,,,,,,,,,,,,,,,,,,,,,,,,,,,,,,,,,,,,,,,,,,,,,,,,,,,0.585310734463277,,,,,,,,,,0.585310734463277,,
0.572405929304447,0.487378640776699,0.6770025839793282,blip2-flan-t5-xl,0.6933701657458563,251-264-535-111,3_prompt,True,4,,,,,,,,,,275,155,0.5636363636363636,,,,,,,,,,,,,,,,,,,,,,,,,,,,,,,,,,,,,,,,,,,,,,,,,,,,125,60,0.48,,,,,,,,,,,,,,,,,,,,,,,,,,,,,,,,,,,,,,,,,,,,,,,,,,,,59,33,0.559322033898305,,,,,,,,,,,,,,,,,,,,,,,,,,,,,,,,,,,,,,,,,,,,,,,,,,,,58,3,0.05172413793103448,,,,,,,,,,,,,,,,,,,,,,,,,,,,,,,,,,,,,,,,,,,,,,,,,,,,628,535,0.8519108280254777,,,,,,,,,,,,,,,,,,,,,,,,,,,,,,,,,,,,,,,,,,,,,,,,,,,,,,,0.572405929304447,,,,,,,,,,0.572405929304447,,
0.57847533632287,0.5009708737864078,0.6758620689655173,blip2-flan-t5-xl,0.6843501326259946,258-257-526-119,3_prompt,True,3,,,,,,,,,,275,158,0.5745454545454546,,,,,,,,,,,,,,,,,,,,,,,,,,,,,,,,,,,,,,,,,,,,,,,,,,,,125,62,0.496,,,,,,,,,,,,,,,,,,,,,,,,,,,,,,,,,,,,,,,,,,,,,,,,,,,,59,34,0.576271186440678,,,,,,,,,,,,,,,,,,,,,,,,,,,,,,,,,,,,,,,,,,,,,,,,,,,,58,4,0.06896551724137931,,,,,,,,,,,,,,,,,,,,,,,,,,,,,,,,,,,,,,,,,,,,,,,,,,,,628,526,0.8375796178343949,,,,,,,,,,,,,,,,,,,,,,,,,,,,,,,,,,,,,,,,,,,,,,,,,,,,,,,0.57847533632287,,,,,,,,,,0.57847533632287,,
0.5761226725082147,0.5106796116504855,0.6675257731958762,blip2-flan-t5-xl,0.6608040201005025,263-252-514-135,3_prompt,True,2,,,,,,,,,,275,163,0.5927272727272728,,,,,,,,,,,,,,,,,,,,,,,,,,,,,,,,,,,,,,,,,,,,,,,,,,,,125,62,0.496,,,,,,,,,,,,,,,,,,,,,,,,,,,,,,,,,,,,,,,,,,,,,,,,,,,,59,34,0.576271186440678,,,,,,,,,,,,,,,,,,,,,,,,,,,,,,,,,,,,,,,,,,,,,,,,,,,,58,4,0.06896551724137931,,,,,,,,,,,,,,,,,,,,,,,,,,,,,,,,,,,,,,,,,,,,,,,,,,,,628,514,0.8184713375796179,,,,,,,,,,,,,,,,,,,,,,,,,,,,,,,,,,,,,,,,,,,,,,,,,,,,,,,0.5761226725082147,,,,,,,,,,0.5761226725082147,,
0.5751920965971459,0.5087378640776699,0.6672398968185727,blip2-flan-t5-xl,0.6616161616161617,262-253-514-134,3_prompt,True,1,,,,,,,,,,275,163,0.5927272727272728,,,,,,,,,,,,,,,,,,,,,,,,,,,,,,,,,,,,,,,,,,,,,,,,,,,,125,61,0.488,,,,,,,,,,,,,,,,,,,,,,,,,,,,,,,,,,,,,,,,,,,,,,,,,,,,59,35,0.5932203389830508,,,,,,,,,,,,,,,,,,,,,,,,,,,,,,,,,,,,,,,,,,,,,,,,,,,,58,3,0.05172413793103448,,,,,,,,,,,,,,,,,,,,,,,,,,,,,,,,,,,,,,,,,,,,,,,,,,,,628,514,0.8184713375796179,,,,,,,,,,,,,,,,,,,,,,,,,,,,,,,,,,,,,,,,,,,,,,,,,,,,,,,0.5751920965971459,,,,,,,,,,0.5751920965971459,,
0.5675,0.43992248062015504,0.7017241379310345,blip2-flan-t5-xl,0.7992957746478874,227-289-587-57,3_prompt,True,0,,,,,,,,,,275,161,0.5854545454545454,,,,,,,,,,,,,,,,,,,,,,,,,,,,,,,,,,,,,,,,,,,,,,,,,,,,125,38,0.304,,,,,,,,,,,,,,,,,,,,,,,,,,,,,,,,,,,,,,,,,,,,,,,,,,,,59,28,0.4745762711864407,,,,,,,,,,,,,,,,,,,,,,,,,,,,,,,,,,,,,,,,,,,,,,,,,,,,58,0,0.0,,,,,,,,,,,,,,,,,,,,,,,,,,,,,,,,,,,,,,,,,,,,,,,,,,,,628,587,0.9347133757961783,,,,,,,,,,,,,,,,,,,,,,,,,,,,,,,,,,,,,,,,,,,,,,,,,,,,,,,0.5675,,,,,,,,,,0.5675,,
0.5479452054794519,0.42718446601941745,0.6876075731497419,blip2-flan-t5-xl,0.7638888888888888,220-295-579-68,1_prompt,False,8,,,,,,,,,,,,,,,,,,,,,,,,,,,,,,,275,161,0.5854545454545454,,,,,,,,,,,,,,,,,,,,,,,,,,,,,,,,,,,,,,,,,,,,,,,,,,,,125,31,0.248,,,,,,,,,,,,,,,,,,,,,,,,,,,,,,,,,,,,,,,,,,,,,,,,,,,,59,28,0.4745762711864407,,,,,,,,,,,,,,,,,,,,,,,,,,,,,,,,,,,,,,,,,,,,,,,,,,,,58,0,0.0,,,,,,,,,,,,,,,,,,,,,,,,,,,,,,,,,,,,,,,,,,,,,,,,,,,,628,579,0.9219745222929936,,,,,,,,,,,,,,,,,,,,,,,,,,0.5479452054794519,,,,,,,,,0.5479452054794519,,,,,,,,,,0.5479452054794519,
0.5486284289276808,0.42718446601941745,0.6881998277347114,blip2-flan-t5-xl,0.7665505226480837,220-295-579-67,1_prompt,False,7,,,,,,,,,,,,,,,,,,,,,,,,,,,,,,,275,161,0.5854545454545454,,,,,,,,,,,,,,,,,,,,,,,,,,,,,,,,,,,,,,,,,,,,,,,,,,,,125,31,0.248,,,,,,,,,,,,,,,,,,,,,,,,,,,,,,,,,,,,,,,,,,,,,,,,,,,,59,28,0.4745762711864407,,,,,,,,,,,,,,,,,,,,,,,,,,,,,,,,,,,,,,,,,,,,,,,,,,,,58,0,0.0,,,,,,,,,,,,,,,,,,,,,,,,,,,,,,,,,,,,,,,,,,,,,,,,,,,,628,579,0.9219745222929936,,,,,,,,,,,,,,,,,,,,,,,,,,0.5486284289276808,,,,,,,,,0.5486284289276808,,,,,,,,,,0.5486284289276808,
0.5461254612546125,0.43106796116504853,0.6827171109200344,blip2-flan-t5-xl,0.7449664429530202,222-293-572-76,1_prompt,False,6,,,,,,,,,,,,,,,,,,,,,,,,,,,,,,,275,161,0.5854545454545454,,,,,,,,,,,,,,,,,,,,,,,,,,,,,,,,,,,,,,,,,,,,,,,,,,,,125,32,0.256,,,,,,,,,,,,,,,,,,,,,,,,,,,,,,,,,,,,,,,,,,,,,,,,,,,,59,29,0.4915254237288136,,,,,,,,,,,,,,,,,,,,,,,,,,,,,,,,,,,,,,,,,,,,,,,,,,,,58,0,0.0,,,,,,,,,,,,,,,,,,,,,,,,,,,,,,,,,,,,,,,,,,,,,,,,,,,,628,572,0.910828025477707,,,,,,,,,,,,,,,,,,,,,,,,,,0.5461254612546125,,,,,,,,,0.5461254612546125,,,,,,,,,,0.5461254612546125,
0.5565217391304348,0.4349514563106796,0.6927710843373494,blip2-flan-t5-xl,0.7724137931034483,224-291-581-66,1_prompt,False,5,,,,,,,,,,,,,,,,,,,,,,,,,,,,,,,275,163,0.5927272727272728,,,,,,,,,,,,,,,,,,,,,,,,,,,,,,,,,,,,,,,,,,,,,,,,,,,,125,29,0.232,,,,,,,,,,,,,,,,,,,,,,,,,,,,,,,,,,,,,,,,,,,,,,,,,,,,59,32,0.5423728813559322,,,,,,,,,,,,,,,,,,,,,,,,,,,,,,,,,,,,,,,,,,,,,,,,,,,,58,0,0.0,,,,,,,,,,,,,,,,,,,,,,,,,,,,,,,,,,,,,,,,,,,,,,,,,,,,628,581,0.9251592356687898,,,,,,,,,,,,,,,,,,,,,,,,,,0.5565217391304348,,,,,,,,,0.5565217391304348,,,,,,,,,,0.5565217391304348,
0.538265306122449,0.4097087378640777,0.6881998277347114,blip2-flan-t5-xl,0.7843866171003717,211-304-588-58,1_prompt,False,4,,,,,,,,,,,,,,,,,,,,,,,,,,,,,,,275,156,0.5672727272727273,,,,,,,,,,,,,,,,,,,,,,,,,,,,,,,,,,,,,,,,,,,,,,,,,,,,125,28,0.224,,,,,,,,,,,,,,,,,,,,,,,,,,,,,,,,,,,,,,,,,,,,,,,,,,,,59,27,0.4576271186440678,,,,,,,,,,,,,,,,,,,,,,,,,,,,,,,,,,,,,,,,,,,,,,,,,,,,58,0,0.0,,,,,,,,,,,,,,,,,,,,,,,,,,,,,,,,,,,,,,,,,,,,,,,,,,,,628,588,0.9363057324840764,,,,,,,,,,,,,,,,,,,,,,,,,,0.538265306122449,,,,,,,,,0.538265306122449,,,,,,,,,,0.538265306122449,
0.5333333333333333,0.4116504854368932,0.6809974204643164,blip2-flan-t5-xl,0.7571428571428571,212-303-580-68,1_prompt,False,3,,,,,,,,,,,,,,,,,,,,,,,,,,,,,,,275,156,0.5672727272727273,,,,,,,,,,,,,,,,,,,,,,,,,,,,,,,,,,,,,,,,,,,,,,,,,,,,125,26,0.208,,,,,,,,,,,,,,,,,,,,,,,,,,,,,,,,,,,,,,,,,,,,,,,,,,,,59,30,0.5084745762711864,,,,,,,,,,,,,,,,,,,,,,,,,,,,,,,,,,,,,,,,,,,,,,,,,,,,58,0,0.0,,,,,,,,,,,,,,,,,,,,,,,,,,,,,,,,,,,,,,,,,,,,,,,,,,,,628,580,0.9235668789808917,,,,,,,,,,,,,,,,,,,,,,,,,,0.5333333333333333,,,,,,,,,0.5333333333333333,,,,,,,,,,0.5333333333333333,
0.5263157894736842,0.39728682170542634,0.6840753424657534,blip2-flan-t5-xl,0.779467680608365,205-311-594-58,1_prompt,False,2,,,,,,,,,,,,,,,,,,,,,,,,,,,,,,,275,158,0.5745454545454546,,,,,,,,,,,,,,,,,,,,,,,,,,,,,,,,,,,,,,,,,,,,,,,,,,,,125,19,0.152,,,,,,,,,,,,,,,,,,,,,,,,,,,,,,,,,,,,,,,,,,,,,,,,,,,,59,28,0.4745762711864407,,,,,,,,,,,,,,,,,,,,,,,,,,,,,,,,,,,,,,,,,,,,,,,,,,,,58,0,0.0,,,,,,,,,,,,,,,,,,,,,,,,,,,,,,,,,,,,,,,,,,,,,,,,,,,,628,594,0.945859872611465,,,,,,,,,,,,,,,,,,,,,,,,,,0.5263157894736842,,,,,,,,,0.5263157894736842,,,,,,,,,,0.5263157894736842,
0.5176151761517614,0.3701550387596899,0.6915077989601387,blip2-flan-t5-xl,0.8603603603603603,191-325-607-31,1_prompt,False,1,,,,,,,,,,,,,,,,,,,,,,,,,,,,,,,275,155,0.5636363636363636,,,,,,,,,,,,,,,,,,,,,,,,,,,,,,,,,,,,,,,,,,,,,,,,,,,,125,7,0.056,,,,,,,,,,,,,,,,,,,,,,,,,,,,,,,,,,,,,,,,,,,,,,,,,,,,59,29,0.4915254237288136,,,,,,,,,,,,,,,,,,,,,,,,,,,,,,,,,,,,,,,,,,,,,,,,,,,,58,0,0.0,,,,,,,,,,,,,,,,,,,,,,,,,,,,,,,,,,,,,,,,,,,,,,,,,,,,628,607,0.9665605095541401,,,,,,,,,,,,,,,,,,,,,,,,,,0.5176151761517614,,,,,,,,,0.5176151761517614,,,,,,,,,,0.5176151761517614,
0.44444444444444436,0.2978723404255319,0.6672428694900605,blip2-flan-t5-xl,0.875,154-363-618-22,1_prompt,False,0,,,,,,,,,,,,,,,,,,,,,,,,,,,,,,,275,125,0.45454545454545453,,,,,,,,,,,,,,,,,,,,,,,,,,,,,,,,,,,,,,,,,,,,,,,,,,,,125,7,0.056,,,,,,,,,,,,,,,,,,,,,,,,,,,,,,,,,,,,,,,,,,,,,,,,,,,,59,22,0.3728813559322034,,,,,,,,,,,,,,,,,,,,,,,,,,,,,,,,,,,,,,,,,,,,,,,,,,,,58,0,0.0,,,,,,,,,,,,,,,,,,,,,,,,,,,,,,,,,,,,,,,,,,,,,,,,,,,,628,618,0.9840764331210191,,,,,,,,,,,,,,,,,,,,,,,,,,0.44444444444444436,,,,,,,,,0.44444444444444436,,,,,,,,,,0.44444444444444436,
0.5526641883519207,0.4330097087378641,0.6879861711322386,blip2-flan-t5-xl,0.7636986301369864,223-292-573-69,1_prompt,True,8,,,,275,157,0.5709090909090909,,,,,,,,,,,,,,,,,,,,,,,,,,,,,,,,,,,,,,,,,,,,,,,,,,,,125,35,0.28,,,,,,,,,,,,,,,,,,,,,,,,,,,,,,,,,,,,,,,,,,,,,,,,,,,,59,31,0.5254237288135594,,,,,,,,,,,,,,,,,,,,,,,,,,,,,,,,,,,,,,,,,,,,,,,,,,,,58,0,0.0,,,,,,,,,,,,,,,,,,,,,,,,,,,,,,,,,,,,,,,,,,,,,,,,,,,,628,573,0.9124203821656051,,,,,,,,,,,,,,,,,,,,,,,,,,,,,,,,,,,,,,,,,,,,,,,,,,,,,,,,,,,,,,,0.5526641883519207,,,,,,,,,,0.5526641883519207
0.5587144622991347,0.4388349514563107,0.6914433880726015,blip2-flan-t5-xl,0.7687074829931972,226-289-574-68,1_prompt,True,7,,,,275,161,0.5854545454545454,,,,,,,,,,,,,,,,,,,,,,,,,,,,,,,,,,,,,,,,,,,,,,,,,,,,125,35,0.28,,,,,,,,,,,,,,,,,,,,,,,,,,,,,,,,,,,,,,,,,,,,,,,,,,,,59,30,0.5084745762711864,,,,,,,,,,,,,,,,,,,,,,,,,,,,,,,,,,,,,,,,,,,,,,,,,,,,58,0,0.0,,,,,,,,,,,,,,,,,,,,,,,,,,,,,,,,,,,,,,,,,,,,,,,,,,,,628,574,0.9140127388535032,,,,,,,,,,,,,,,,,,,,,,,,,,,,,,,,,,,,,,,,,,,,,,,,,,,,,,,,,,,,,,,0.5587144622991347,,,,,,,,,,0.5587144622991347
0.5523114355231143,0.4407766990291262,0.6824849007765315,blip2-flan-t5-xl,0.739413680781759,227-288-564-80,1_prompt,True,6,,,,275,159,0.5781818181818181,,,,,,,,,,,,,,,,,,,,,,,,,,,,,,,,,,,,,,,,,,,,,,,,,,,,125,38,0.304,,,,,,,,,,,,,,,,,,,,,,,,,,,,,,,,,,,,,,,,,,,,,,,,,,,,59,30,0.5084745762711864,,,,,,,,,,,,,,,,,,,,,,,,,,,,,,,,,,,,,,,,,,,,,,,,,,,,58,0,0.0,,,,,,,,,,,,,,,,,,,,,,,,,,,,,,,,,,,,,,,,,,,,,,,,,,,,628,564,0.8980891719745223,,,,,,,,,,,,,,,,,,,,,,,,,,,,,,,,,,,,,,,,,,,,,,,,,,,,,,,,,,,,,,,0.5523114355231143,,,,,,,,,,0.5523114355231143
0.5679012345679013,0.44660194174757284,0.6972318339100346,blip2-flan-t5-xl,0.7796610169491526,230-285-576-65,1_prompt,True,5,,,,275,163,0.5927272727272728,,,,,,,,,,,,,,,,,,,,,,,,,,,,,,,,,,,,,,,,,,,,,,,,,,,,125,33,0.264,,,,,,,,,,,,,,,,,,,,,,,,,,,,,,,,,,,,,,,,,,,,,,,,,,,,59,34,0.576271186440678,,,,,,,,,,,,,,,,,,,,,,,,,,,,,,,,,,,,,,,,,,,,,,,,,,,,58,0,0.0,,,,,,,,,,,,,,,,,,,,,,,,,,,,,,,,,,,,,,,,,,,,,,,,,,,,628,576,0.9171974522292994,,,,,,,,,,,,,,,,,,,,,,,,,,,,,,,,,,,,,,,,,,,,,,,,,,,,,,,,,,,,,,,0.5679012345679013,,,,,,,,,,0.5679012345679013
0.541087231352718,0.4155339805825243,0.6859861591695502,blip2-flan-t5-xl,0.7753623188405797,214-301-579-62,1_prompt,True,4,,,,275,154,0.56,,,,,,,,,,,,,,,,,,,,,,,,,,,,,,,,,,,,,,,,,,,,,,,,,,,,125,30,0.24,,,,,,,,,,,,,,,,,,,,,,,,,,,,,,,,,,,,,,,,,,,,,,,,,,,,59,30,0.5084745762711864,,,,,,,,,,,,,,,,,,,,,,,,,,,,,,,,,,,,,,,,,,,,,,,,,,,,58,0,0.0,,,,,,,,,,,,,,,,,,,,,,,,,,,,,,,,,,,,,,,,,,,,,,,,,,,,628,579,0.9219745222929936,,,,,,,,,,,,,,,,,,,,,,,,,,,,,,,,,,,,,,,,,,,,,,,,,,,,,,,,,,,,,,,0.541087231352718,,,,,,,,,,0.541087231352718
0.5398009950248757,0.42135922330097086,0.6802074330164217,blip2-flan-t5-xl,0.7508650519031141,217-298-570-72,1_prompt,True,3,,,,275,154,0.56,,,,,,,,,,,,,,,,,,,,,,,,,,,,,,,,,,,,,,,,,,,,,,,,,,,,125,33,0.264,,,,,,,,,,,,,,,,,,,,,,,,,,,,,,,,,,,,,,,,,,,,,,,,,,,,59,30,0.5084745762711864,,,,,,,,,,,,,,,,,,,,,,,,,,,,,,,,,,,,,,,,,,,,,,,,,,,,58,0,0.0,,,,,,,,,,,,,,,,,,,,,,,,,,,,,,,,,,,,,,,,,,,,,,,,,,,,628,570,0.9076433121019108,,,,,,,,,,,,,,,,,,,,,,,,,,,,,,,,,,,,,,,,,,,,,,,,,,,,,,,,,,,,,,,0.5398009950248757,,,,,,,,,,0.5398009950248757
0.5486725663716814,0.42135922330097086,0.6930352536543423,blip2-flan-t5-xl,0.7862318840579711,217-298-589-59,1_prompt,True,2,,,,275,155,0.5636363636363636,,,,,,,,,,,,,,,,,,,,,,,,,,,,,,,,,,,,,,,,,,,,,,,,,,,,125,32,0.256,,,,,,,,,,,,,,,,,,,,,,,,,,,,,,,,,,,,,,,,,,,,,,,,,,,,59,30,0.5084745762711864,,,,,,,,,,,,,,,,,,,,,,,,,,,,,,,,,,,,,,,,,,,,,,,,,,,,58,0,0.0,,,,,,,,,,,,,,,,,,,,,,,,,,,,,,,,,,,,,,,,,,,,,,,,,,,,628,589,0.9378980891719745,,,,,,,,,,,,,,,,,,,,,,,,,,,,,,,,,,,,,,,,,,,,,,,,,,,,,,,,,,,,,,,0.5486725663716814,,,,,,,,,,0.5486725663716814
0.5249343832020997,0.3883495145631068,0.6876617773943055,blip2-flan-t5-xl,0.8097165991902834,200-315-597-47,1_prompt,True,1,,,,275,152,0.5527272727272727,,,,,,,,,,,,,,,,,,,,,,,,,,,,,,,,,,,,,,,,,,,,,,,,,,,,125,18,0.144,,,,,,,,,,,,,,,,,,,,,,,,,,,,,,,,,,,,,,,,,,,,,,,,,,,,59,30,0.5084745762711864,,,,,,,,,,,,,,,,,,,,,,,,,,,,,,,,,,,,,,,,,,,,,,,,,,,,58,0,0.0,,,,,,,,,,,,,,,,,,,,,,,,,,,,,,,,,,,,,,,,,,,,,,,,,,,,628,597,0.9506369426751592,,,,,,,,,,,,,,,,,,,,,,,,,,,,,,,,,,,,,,,,,,,,,,,,,,,,,,,,,,,,,,,0.5249343832020997,,,,,,,,,,0.5249343832020997
0.4621968616262482,0.313953488372093,0.6744386873920553,blip2-flan-t5-xl,0.8756756756756757,162-354-619-23,1_prompt,True,0,,,,275,126,0.4581818181818182,,,,,,,,,,,,,,,,,,,,,,,,,,,,,,,,,,,,,,,,,,,,,,,,,,,,125,12,0.096,,,,,,,,,,,,,,,,,,,,,,,,,,,,,,,,,,,,,,,,,,,,,,,,,,,,59,24,0.4067796610169492,,,,,,,,,,,,,,,,,,,,,,,,,,,,,,,,,,,,,,,,,,,,,,,,,,,,58,0,0.0,,,,,,,,,,,,,,,,,,,,,,,,,,,,,,,,,,,,,,,,,,,,,,,,,,,,628,619,0.9856687898089171,,,,,,,,,,,,,,,,,,,,,,,,,,,,,,,,,,,,,,,,,,,,,,,,,,,,,,,,,,,,,,,0.4621968616262482,,,,,,,,,,0.4621968616262482
