f_score,recall,accuracy,model,precision,mets,prompt,img,shots,ent_met_Relationship0_promptTrue,acc_met_Relationship0_promptTrue,ent_acc_met_Relationship0_promptTrue,ent_met_Relationship1_promptTrue,acc_met_Relationship1_promptTrue,ent_acc_met_Relationship1_promptTrue,ent_met_Relationship2_promptTrue,acc_met_Relationship2_promptTrue,ent_acc_met_Relationship2_promptTrue,ent_met_Relationship3_promptTrue,acc_met_Relationship3_promptTrue,ent_acc_met_Relationship3_promptTrue,ent_met_Relationship4_promptTrue,acc_met_Relationship4_promptTrue,ent_acc_met_Relationship4_promptTrue,ent_met_Relationship5_promptTrue,acc_met_Relationship5_promptTrue,ent_acc_met_Relationship5_promptTrue,ent_met_Relationship6_promptTrue,acc_met_Relationship6_promptTrue,ent_acc_met_Relationship6_promptTrue,ent_met_Relationship7_promptTrue,acc_met_Relationship7_promptTrue,ent_acc_met_Relationship7_promptTrue,ent_met_Relationship8_promptTrue,acc_met_Relationship8_promptTrue,ent_acc_met_Relationship8_promptTrue,ent_met_Relationship0_promptFalse,acc_met_Relationship0_promptFalse,ent_acc_met_Relationship0_promptFalse,ent_met_Relationship1_promptFalse,acc_met_Relationship1_promptFalse,ent_acc_met_Relationship1_promptFalse,ent_met_Relationship2_promptFalse,acc_met_Relationship2_promptFalse,ent_acc_met_Relationship2_promptFalse,ent_met_Relationship3_promptFalse,acc_met_Relationship3_promptFalse,ent_acc_met_Relationship3_promptFalse,ent_met_Relationship4_promptFalse,acc_met_Relationship4_promptFalse,ent_acc_met_Relationship4_promptFalse,ent_met_Relationship5_promptFalse,acc_met_Relationship5_promptFalse,ent_acc_met_Relationship5_promptFalse,ent_met_Relationship6_promptFalse,acc_met_Relationship6_promptFalse,ent_acc_met_Relationship6_promptFalse,ent_met_Relationship7_promptFalse,acc_met_Relationship7_promptFalse,ent_acc_met_Relationship7_promptFalse,ent_met_Relationship8_promptFalse,acc_met_Relationship8_promptFalse,ent_acc_met_Relationship8_promptFalse,ent_met_Genre0_promptTrue,acc_met_Genre0_promptTrue,ent_acc_met_Genre0_promptTrue,ent_met_Genre1_promptTrue,acc_met_Genre1_promptTrue,ent_acc_met_Genre1_promptTrue,ent_met_Genre2_promptTrue,acc_met_Genre2_promptTrue,ent_acc_met_Genre2_promptTrue,ent_met_Genre3_promptTrue,acc_met_Genre3_promptTrue,ent_acc_met_Genre3_promptTrue,ent_met_Genre4_promptTrue,acc_met_Genre4_promptTrue,ent_acc_met_Genre4_promptTrue,ent_met_Genre5_promptTrue,acc_met_Genre5_promptTrue,ent_acc_met_Genre5_promptTrue,ent_met_Genre6_promptTrue,acc_met_Genre6_promptTrue,ent_acc_met_Genre6_promptTrue,ent_met_Genre7_promptTrue,acc_met_Genre7_promptTrue,ent_acc_met_Genre7_promptTrue,ent_met_Genre8_promptTrue,acc_met_Genre8_promptTrue,ent_acc_met_Genre8_promptTrue,ent_met_Genre0_promptFalse,acc_met_Genre0_promptFalse,ent_acc_met_Genre0_promptFalse,ent_met_Genre1_promptFalse,acc_met_Genre1_promptFalse,ent_acc_met_Genre1_promptFalse,ent_met_Genre2_promptFalse,acc_met_Genre2_promptFalse,ent_acc_met_Genre2_promptFalse,ent_met_Genre3_promptFalse,acc_met_Genre3_promptFalse,ent_acc_met_Genre3_promptFalse,ent_met_Genre4_promptFalse,acc_met_Genre4_promptFalse,ent_acc_met_Genre4_promptFalse,ent_met_Genre5_promptFalse,acc_met_Genre5_promptFalse,ent_acc_met_Genre5_promptFalse,ent_met_Genre6_promptFalse,acc_met_Genre6_promptFalse,ent_acc_met_Genre6_promptFalse,ent_met_Genre7_promptFalse,acc_met_Genre7_promptFalse,ent_acc_met_Genre7_promptFalse,ent_met_Genre8_promptFalse,acc_met_Genre8_promptFalse,ent_acc_met_Genre8_promptFalse,ent_met_Director0_promptTrue,acc_met_Director0_promptTrue,ent_acc_met_Director0_promptTrue,ent_met_Director1_promptTrue,acc_met_Director1_promptTrue,ent_acc_met_Director1_promptTrue,ent_met_Director2_promptTrue,acc_met_Director2_promptTrue,ent_acc_met_Director2_promptTrue,ent_met_Director3_promptTrue,acc_met_Director3_promptTrue,ent_acc_met_Director3_promptTrue,ent_met_Director4_promptTrue,acc_met_Director4_promptTrue,ent_acc_met_Director4_promptTrue,ent_met_Director5_promptTrue,acc_met_Director5_promptTrue,ent_acc_met_Director5_promptTrue,ent_met_Director6_promptTrue,acc_met_Director6_promptTrue,ent_acc_met_Director6_promptTrue,ent_met_Director7_promptTrue,acc_met_Director7_promptTrue,ent_acc_met_Director7_promptTrue,ent_met_Director8_promptTrue,acc_met_Director8_promptTrue,ent_acc_met_Director8_promptTrue,ent_met_Director0_promptFalse,acc_met_Director0_promptFalse,ent_acc_met_Director0_promptFalse,ent_met_Director1_promptFalse,acc_met_Director1_promptFalse,ent_acc_met_Director1_promptFalse,ent_met_Director2_promptFalse,acc_met_Director2_promptFalse,ent_acc_met_Director2_promptFalse,ent_met_Director3_promptFalse,acc_met_Director3_promptFalse,ent_acc_met_Director3_promptFalse,ent_met_Director4_promptFalse,acc_met_Director4_promptFalse,ent_acc_met_Director4_promptFalse,ent_met_Director5_promptFalse,acc_met_Director5_promptFalse,ent_acc_met_Director5_promptFalse,ent_met_Director6_promptFalse,acc_met_Director6_promptFalse,ent_acc_met_Director6_promptFalse,ent_met_Director7_promptFalse,acc_met_Director7_promptFalse,ent_acc_met_Director7_promptFalse,ent_met_Director8_promptFalse,acc_met_Director8_promptFalse,ent_acc_met_Director8_promptFalse,ent_met_Quote0_promptTrue,acc_met_Quote0_promptTrue,ent_acc_met_Quote0_promptTrue,ent_met_Quote1_promptTrue,acc_met_Quote1_promptTrue,ent_acc_met_Quote1_promptTrue,ent_met_Quote2_promptTrue,acc_met_Quote2_promptTrue,ent_acc_met_Quote2_promptTrue,ent_met_Quote3_promptTrue,acc_met_Quote3_promptTrue,ent_acc_met_Quote3_promptTrue,ent_met_Quote4_promptTrue,acc_met_Quote4_promptTrue,ent_acc_met_Quote4_promptTrue,ent_met_Quote5_promptTrue,acc_met_Quote5_promptTrue,ent_acc_met_Quote5_promptTrue,ent_met_Quote6_promptTrue,acc_met_Quote6_promptTrue,ent_acc_met_Quote6_promptTrue,ent_met_Quote7_promptTrue,acc_met_Quote7_promptTrue,ent_acc_met_Quote7_promptTrue,ent_met_Quote8_promptTrue,acc_met_Quote8_promptTrue,ent_acc_met_Quote8_promptTrue,ent_met_Quote0_promptFalse,acc_met_Quote0_promptFalse,ent_acc_met_Quote0_promptFalse,ent_met_Quote1_promptFalse,acc_met_Quote1_promptFalse,ent_acc_met_Quote1_promptFalse,ent_met_Quote2_promptFalse,acc_met_Quote2_promptFalse,ent_acc_met_Quote2_promptFalse,ent_met_Quote3_promptFalse,acc_met_Quote3_promptFalse,ent_acc_met_Quote3_promptFalse,ent_met_Quote4_promptFalse,acc_met_Quote4_promptFalse,ent_acc_met_Quote4_promptFalse,ent_met_Quote5_promptFalse,acc_met_Quote5_promptFalse,ent_acc_met_Quote5_promptFalse,ent_met_Quote6_promptFalse,acc_met_Quote6_promptFalse,ent_acc_met_Quote6_promptFalse,ent_met_Quote7_promptFalse,acc_met_Quote7_promptFalse,ent_acc_met_Quote7_promptFalse,ent_met_Quote8_promptFalse,acc_met_Quote8_promptFalse,ent_acc_met_Quote8_promptFalse,ent_met_Actor0_promptTrue,acc_met_Actor0_promptTrue,ent_acc_met_Actor0_promptTrue,ent_met_Actor1_promptTrue,acc_met_Actor1_promptTrue,ent_acc_met_Actor1_promptTrue,ent_met_Actor2_promptTrue,acc_met_Actor2_promptTrue,ent_acc_met_Actor2_promptTrue,ent_met_Actor3_promptTrue,acc_met_Actor3_promptTrue,ent_acc_met_Actor3_promptTrue,ent_met_Actor4_promptTrue,acc_met_Actor4_promptTrue,ent_acc_met_Actor4_promptTrue,ent_met_Actor5_promptTrue,acc_met_Actor5_promptTrue,ent_acc_met_Actor5_promptTrue,ent_met_Actor6_promptTrue,acc_met_Actor6_promptTrue,ent_acc_met_Actor6_promptTrue,ent_met_Actor7_promptTrue,acc_met_Actor7_promptTrue,ent_acc_met_Actor7_promptTrue,ent_met_Actor8_promptTrue,acc_met_Actor8_promptTrue,ent_acc_met_Actor8_promptTrue,ent_met_Actor0_promptFalse,acc_met_Actor0_promptFalse,ent_acc_met_Actor0_promptFalse,ent_met_Actor1_promptFalse,acc_met_Actor1_promptFalse,ent_acc_met_Actor1_promptFalse,ent_met_Actor2_promptFalse,acc_met_Actor2_promptFalse,ent_acc_met_Actor2_promptFalse,ent_met_Actor3_promptFalse,acc_met_Actor3_promptFalse,ent_acc_met_Actor3_promptFalse,ent_met_Actor4_promptFalse,acc_met_Actor4_promptFalse,ent_acc_met_Actor4_promptFalse,ent_met_Actor5_promptFalse,acc_met_Actor5_promptFalse,ent_acc_met_Actor5_promptFalse,ent_met_Actor6_promptFalse,acc_met_Actor6_promptFalse,ent_acc_met_Actor6_promptFalse,ent_met_Actor7_promptFalse,acc_met_Actor7_promptFalse,ent_acc_met_Actor7_promptFalse,ent_met_Actor8_promptFalse,acc_met_Actor8_promptFalse,ent_acc_met_Actor8_promptFalse,ent_met_Award0_promptTrue,acc_met_Award0_promptTrue,ent_acc_met_Award0_promptTrue,ent_met_Award1_promptTrue,acc_met_Award1_promptTrue,ent_acc_met_Award1_promptTrue,ent_met_Award2_promptTrue,acc_met_Award2_promptTrue,ent_acc_met_Award2_promptTrue,ent_met_Award3_promptTrue,acc_met_Award3_promptTrue,ent_acc_met_Award3_promptTrue,ent_met_Award4_promptTrue,acc_met_Award4_promptTrue,ent_acc_met_Award4_promptTrue,ent_met_Award5_promptTrue,acc_met_Award5_promptTrue,ent_acc_met_Award5_promptTrue,ent_met_Award6_promptTrue,acc_met_Award6_promptTrue,ent_acc_met_Award6_promptTrue,ent_met_Award7_promptTrue,acc_met_Award7_promptTrue,ent_acc_met_Award7_promptTrue,ent_met_Award8_promptTrue,acc_met_Award8_promptTrue,ent_acc_met_Award8_promptTrue,ent_met_Award0_promptFalse,acc_met_Award0_promptFalse,ent_acc_met_Award0_promptFalse,ent_met_Award1_promptFalse,acc_met_Award1_promptFalse,ent_acc_met_Award1_promptFalse,ent_met_Award2_promptFalse,acc_met_Award2_promptFalse,ent_acc_met_Award2_promptFalse,ent_met_Award3_promptFalse,acc_met_Award3_promptFalse,ent_acc_met_Award3_promptFalse,ent_met_Award4_promptFalse,acc_met_Award4_promptFalse,ent_acc_met_Award4_promptFalse,ent_met_Award5_promptFalse,acc_met_Award5_promptFalse,ent_acc_met_Award5_promptFalse,ent_met_Award6_promptFalse,acc_met_Award6_promptFalse,ent_acc_met_Award6_promptFalse,ent_met_Award7_promptFalse,acc_met_Award7_promptFalse,ent_acc_met_Award7_promptFalse,ent_met_Award8_promptFalse,acc_met_Award8_promptFalse,ent_acc_met_Award8_promptFalse,ent_met_Character_Name0_promptTrue,acc_met_Character_Name0_promptTrue,ent_acc_met_Character_Name0_promptTrue,ent_met_Character_Name1_promptTrue,acc_met_Character_Name1_promptTrue,ent_acc_met_Character_Name1_promptTrue,ent_met_Character_Name2_promptTrue,acc_met_Character_Name2_promptTrue,ent_acc_met_Character_Name2_promptTrue,ent_met_Character_Name3_promptTrue,acc_met_Character_Name3_promptTrue,ent_acc_met_Character_Name3_promptTrue,ent_met_Character_Name4_promptTrue,acc_met_Character_Name4_promptTrue,ent_acc_met_Character_Name4_promptTrue,ent_met_Character_Name5_promptTrue,acc_met_Character_Name5_promptTrue,ent_acc_met_Character_Name5_promptTrue,ent_met_Character_Name6_promptTrue,acc_met_Character_Name6_promptTrue,ent_acc_met_Character_Name6_promptTrue,ent_met_Character_Name7_promptTrue,acc_met_Character_Name7_promptTrue,ent_acc_met_Character_Name7_promptTrue,ent_met_Character_Name8_promptTrue,acc_met_Character_Name8_promptTrue,ent_acc_met_Character_Name8_promptTrue,ent_met_Character_Name0_promptFalse,acc_met_Character_Name0_promptFalse,ent_acc_met_Character_Name0_promptFalse,ent_met_Character_Name1_promptFalse,acc_met_Character_Name1_promptFalse,ent_acc_met_Character_Name1_promptFalse,ent_met_Character_Name2_promptFalse,acc_met_Character_Name2_promptFalse,ent_acc_met_Character_Name2_promptFalse,ent_met_Character_Name3_promptFalse,acc_met_Character_Name3_promptFalse,ent_acc_met_Character_Name3_promptFalse,ent_met_Character_Name4_promptFalse,acc_met_Character_Name4_promptFalse,ent_acc_met_Character_Name4_promptFalse,ent_met_Character_Name5_promptFalse,acc_met_Character_Name5_promptFalse,ent_acc_met_Character_Name5_promptFalse,ent_met_Character_Name6_promptFalse,acc_met_Character_Name6_promptFalse,ent_acc_met_Character_Name6_promptFalse,ent_met_Character_Name7_promptFalse,acc_met_Character_Name7_promptFalse,ent_acc_met_Character_Name7_promptFalse,ent_met_Character_Name8_promptFalse,acc_met_Character_Name8_promptFalse,ent_acc_met_Character_Name8_promptFalse,ent_met_Plot0_promptTrue,acc_met_Plot0_promptTrue,ent_acc_met_Plot0_promptTrue,ent_met_Plot1_promptTrue,acc_met_Plot1_promptTrue,ent_acc_met_Plot1_promptTrue,ent_met_Plot2_promptTrue,acc_met_Plot2_promptTrue,ent_acc_met_Plot2_promptTrue,ent_met_Plot3_promptTrue,acc_met_Plot3_promptTrue,ent_acc_met_Plot3_promptTrue,ent_met_Plot4_promptTrue,acc_met_Plot4_promptTrue,ent_acc_met_Plot4_promptTrue,ent_met_Plot5_promptTrue,acc_met_Plot5_promptTrue,ent_acc_met_Plot5_promptTrue,ent_met_Plot6_promptTrue,acc_met_Plot6_promptTrue,ent_acc_met_Plot6_promptTrue,ent_met_Plot7_promptTrue,acc_met_Plot7_promptTrue,ent_acc_met_Plot7_promptTrue,ent_met_Plot8_promptTrue,acc_met_Plot8_promptTrue,ent_acc_met_Plot8_promptTrue,ent_met_Plot0_promptFalse,acc_met_Plot0_promptFalse,ent_acc_met_Plot0_promptFalse,ent_met_Plot1_promptFalse,acc_met_Plot1_promptFalse,ent_acc_met_Plot1_promptFalse,ent_met_Plot2_promptFalse,acc_met_Plot2_promptFalse,ent_acc_met_Plot2_promptFalse,ent_met_Plot3_promptFalse,acc_met_Plot3_promptFalse,ent_acc_met_Plot3_promptFalse,ent_met_Plot4_promptFalse,acc_met_Plot4_promptFalse,ent_acc_met_Plot4_promptFalse,ent_met_Plot5_promptFalse,acc_met_Plot5_promptFalse,ent_acc_met_Plot5_promptFalse,ent_met_Plot6_promptFalse,acc_met_Plot6_promptFalse,ent_acc_met_Plot6_promptFalse,ent_met_Plot7_promptFalse,acc_met_Plot7_promptFalse,ent_acc_met_Plot7_promptFalse,ent_met_Plot8_promptFalse,acc_met_Plot8_promptFalse,ent_acc_met_Plot8_promptFalse,ent_met_Opinion0_promptTrue,acc_met_Opinion0_promptTrue,ent_acc_met_Opinion0_promptTrue,ent_met_Opinion1_promptTrue,acc_met_Opinion1_promptTrue,ent_acc_met_Opinion1_promptTrue,ent_met_Opinion2_promptTrue,acc_met_Opinion2_promptTrue,ent_acc_met_Opinion2_promptTrue,ent_met_Opinion3_promptTrue,acc_met_Opinion3_promptTrue,ent_acc_met_Opinion3_promptTrue,ent_met_Opinion4_promptTrue,acc_met_Opinion4_promptTrue,ent_acc_met_Opinion4_promptTrue,ent_met_Opinion5_promptTrue,acc_met_Opinion5_promptTrue,ent_acc_met_Opinion5_promptTrue,ent_met_Opinion6_promptTrue,acc_met_Opinion6_promptTrue,ent_acc_met_Opinion6_promptTrue,ent_met_Opinion7_promptTrue,acc_met_Opinion7_promptTrue,ent_acc_met_Opinion7_promptTrue,ent_met_Opinion8_promptTrue,acc_met_Opinion8_promptTrue,ent_acc_met_Opinion8_promptTrue,ent_met_Opinion0_promptFalse,acc_met_Opinion0_promptFalse,ent_acc_met_Opinion0_promptFalse,ent_met_Opinion1_promptFalse,acc_met_Opinion1_promptFalse,ent_acc_met_Opinion1_promptFalse,ent_met_Opinion2_promptFalse,acc_met_Opinion2_promptFalse,ent_acc_met_Opinion2_promptFalse,ent_met_Opinion3_promptFalse,acc_met_Opinion3_promptFalse,ent_acc_met_Opinion3_promptFalse,ent_met_Opinion4_promptFalse,acc_met_Opinion4_promptFalse,ent_acc_met_Opinion4_promptFalse,ent_met_Opinion5_promptFalse,acc_met_Opinion5_promptFalse,ent_acc_met_Opinion5_promptFalse,ent_met_Opinion6_promptFalse,acc_met_Opinion6_promptFalse,ent_acc_met_Opinion6_promptFalse,ent_met_Opinion7_promptFalse,acc_met_Opinion7_promptFalse,ent_acc_met_Opinion7_promptFalse,ent_met_Opinion8_promptFalse,acc_met_Opinion8_promptFalse,ent_acc_met_Opinion8_promptFalse,ent_met_Soundtrack0_promptTrue,acc_met_Soundtrack0_promptTrue,ent_acc_met_Soundtrack0_promptTrue,ent_met_Soundtrack1_promptTrue,acc_met_Soundtrack1_promptTrue,ent_acc_met_Soundtrack1_promptTrue,ent_met_Soundtrack2_promptTrue,acc_met_Soundtrack2_promptTrue,ent_acc_met_Soundtrack2_promptTrue,ent_met_Soundtrack3_promptTrue,acc_met_Soundtrack3_promptTrue,ent_acc_met_Soundtrack3_promptTrue,ent_met_Soundtrack4_promptTrue,acc_met_Soundtrack4_promptTrue,ent_acc_met_Soundtrack4_promptTrue,ent_met_Soundtrack5_promptTrue,acc_met_Soundtrack5_promptTrue,ent_acc_met_Soundtrack5_promptTrue,ent_met_Soundtrack6_promptTrue,acc_met_Soundtrack6_promptTrue,ent_acc_met_Soundtrack6_promptTrue,ent_met_Soundtrack7_promptTrue,acc_met_Soundtrack7_promptTrue,ent_acc_met_Soundtrack7_promptTrue,ent_met_Soundtrack8_promptTrue,acc_met_Soundtrack8_promptTrue,ent_acc_met_Soundtrack8_promptTrue,ent_met_Soundtrack0_promptFalse,acc_met_Soundtrack0_promptFalse,ent_acc_met_Soundtrack0_promptFalse,ent_met_Soundtrack1_promptFalse,acc_met_Soundtrack1_promptFalse,ent_acc_met_Soundtrack1_promptFalse,ent_met_Soundtrack2_promptFalse,acc_met_Soundtrack2_promptFalse,ent_acc_met_Soundtrack2_promptFalse,ent_met_Soundtrack3_promptFalse,acc_met_Soundtrack3_promptFalse,ent_acc_met_Soundtrack3_promptFalse,ent_met_Soundtrack4_promptFalse,acc_met_Soundtrack4_promptFalse,ent_acc_met_Soundtrack4_promptFalse,ent_met_Soundtrack5_promptFalse,acc_met_Soundtrack5_promptFalse,ent_acc_met_Soundtrack5_promptFalse,ent_met_Soundtrack6_promptFalse,acc_met_Soundtrack6_promptFalse,ent_acc_met_Soundtrack6_promptFalse,ent_met_Soundtrack7_promptFalse,acc_met_Soundtrack7_promptFalse,ent_acc_met_Soundtrack7_promptFalse,ent_met_Soundtrack8_promptFalse,acc_met_Soundtrack8_promptFalse,ent_acc_met_Soundtrack8_promptFalse,ent_met_Origin0_promptTrue,acc_met_Origin0_promptTrue,ent_acc_met_Origin0_promptTrue,ent_met_Origin1_promptTrue,acc_met_Origin1_promptTrue,ent_acc_met_Origin1_promptTrue,ent_met_Origin2_promptTrue,acc_met_Origin2_promptTrue,ent_acc_met_Origin2_promptTrue,ent_met_Origin3_promptTrue,acc_met_Origin3_promptTrue,ent_acc_met_Origin3_promptTrue,ent_met_Origin4_promptTrue,acc_met_Origin4_promptTrue,ent_acc_met_Origin4_promptTrue,ent_met_Origin5_promptTrue,acc_met_Origin5_promptTrue,ent_acc_met_Origin5_promptTrue,ent_met_Origin6_promptTrue,acc_met_Origin6_promptTrue,ent_acc_met_Origin6_promptTrue,ent_met_Origin7_promptTrue,acc_met_Origin7_promptTrue,ent_acc_met_Origin7_promptTrue,ent_met_Origin8_promptTrue,acc_met_Origin8_promptTrue,ent_acc_met_Origin8_promptTrue,ent_met_Origin0_promptFalse,acc_met_Origin0_promptFalse,ent_acc_met_Origin0_promptFalse,ent_met_Origin1_promptFalse,acc_met_Origin1_promptFalse,ent_acc_met_Origin1_promptFalse,ent_met_Origin2_promptFalse,acc_met_Origin2_promptFalse,ent_acc_met_Origin2_promptFalse,ent_met_Origin3_promptFalse,acc_met_Origin3_promptFalse,ent_acc_met_Origin3_promptFalse,ent_met_Origin4_promptFalse,acc_met_Origin4_promptFalse,ent_acc_met_Origin4_promptFalse,ent_met_Origin5_promptFalse,acc_met_Origin5_promptFalse,ent_acc_met_Origin5_promptFalse,ent_met_Origin6_promptFalse,acc_met_Origin6_promptFalse,ent_acc_met_Origin6_promptFalse,ent_met_Origin7_promptFalse,acc_met_Origin7_promptFalse,ent_acc_met_Origin7_promptFalse,ent_met_Origin8_promptFalse,acc_met_Origin8_promptFalse,ent_acc_met_Origin8_promptFalse,ent_met_Year0_promptTrue,acc_met_Year0_promptTrue,ent_acc_met_Year0_promptTrue,ent_met_Year1_promptTrue,acc_met_Year1_promptTrue,ent_acc_met_Year1_promptTrue,ent_met_Year2_promptTrue,acc_met_Year2_promptTrue,ent_acc_met_Year2_promptTrue,ent_met_Year3_promptTrue,acc_met_Year3_promptTrue,ent_acc_met_Year3_promptTrue,ent_met_Year4_promptTrue,acc_met_Year4_promptTrue,ent_acc_met_Year4_promptTrue,ent_met_Year5_promptTrue,acc_met_Year5_promptTrue,ent_acc_met_Year5_promptTrue,ent_met_Year6_promptTrue,acc_met_Year6_promptTrue,ent_acc_met_Year6_promptTrue,ent_met_Year7_promptTrue,acc_met_Year7_promptTrue,ent_acc_met_Year7_promptTrue,ent_met_Year8_promptTrue,acc_met_Year8_promptTrue,ent_acc_met_Year8_promptTrue,ent_met_Year0_promptFalse,acc_met_Year0_promptFalse,ent_acc_met_Year0_promptFalse,ent_met_Year1_promptFalse,acc_met_Year1_promptFalse,ent_acc_met_Year1_promptFalse,ent_met_Year2_promptFalse,acc_met_Year2_promptFalse,ent_acc_met_Year2_promptFalse,ent_met_Year3_promptFalse,acc_met_Year3_promptFalse,ent_acc_met_Year3_promptFalse,ent_met_Year4_promptFalse,acc_met_Year4_promptFalse,ent_acc_met_Year4_promptFalse,ent_met_Year5_promptFalse,acc_met_Year5_promptFalse,ent_acc_met_Year5_promptFalse,ent_met_Year6_promptFalse,acc_met_Year6_promptFalse,ent_acc_met_Year6_promptFalse,ent_met_Year7_promptFalse,acc_met_Year7_promptFalse,ent_acc_met_Year7_promptFalse,ent_met_Year8_promptFalse,acc_met_Year8_promptFalse,ent_acc_met_Year8_promptFalse,ent_met_none0_promptTrue,acc_met_none0_promptTrue,ent_acc_met_none0_promptTrue,ent_met_none1_promptTrue,acc_met_none1_promptTrue,ent_acc_met_none1_promptTrue,ent_met_none2_promptTrue,acc_met_none2_promptTrue,ent_acc_met_none2_promptTrue,ent_met_none3_promptTrue,acc_met_none3_promptTrue,ent_acc_met_none3_promptTrue,ent_met_none4_promptTrue,acc_met_none4_promptTrue,ent_acc_met_none4_promptTrue,ent_met_none5_promptTrue,acc_met_none5_promptTrue,ent_acc_met_none5_promptTrue,ent_met_none6_promptTrue,acc_met_none6_promptTrue,ent_acc_met_none6_promptTrue,ent_met_none7_promptTrue,acc_met_none7_promptTrue,ent_acc_met_none7_promptTrue,ent_met_none8_promptTrue,acc_met_none8_promptTrue,ent_acc_met_none8_promptTrue,ent_met_none0_promptFalse,acc_met_none0_promptFalse,ent_acc_met_none0_promptFalse,ent_met_none1_promptFalse,acc_met_none1_promptFalse,ent_acc_met_none1_promptFalse,ent_met_none2_promptFalse,acc_met_none2_promptFalse,ent_acc_met_none2_promptFalse,ent_met_none3_promptFalse,acc_met_none3_promptFalse,ent_acc_met_none3_promptFalse,ent_met_none4_promptFalse,acc_met_none4_promptFalse,ent_acc_met_none4_promptFalse,ent_met_none5_promptFalse,acc_met_none5_promptFalse,ent_acc_met_none5_promptFalse,ent_met_none6_promptFalse,acc_met_none6_promptFalse,ent_acc_met_none6_promptFalse,ent_met_none7_promptFalse,acc_met_none7_promptFalse,ent_acc_met_none7_promptFalse,ent_met_none8_promptFalse,acc_met_none8_promptFalse,ent_acc_met_none8_promptFalse,f_score0_promptFalse,f_score4_promptFalse,f_score2_promptFalse,f_score3_promptFalse,f_score1_promptFalse
0.12772351615326824,0.26813880126182965,0.08366219415943173,opt-6.7b,0.08382642998027613,85-232-21-929,0_prompt,False,8,,,,,,,,,,,,,,,,,,,,,,,,,,,,2,0,0.0,,,,,,,,,,,,,,,,,,,,,,,,,,,,,,,,,,,,,,,,,,,,,,,,,,,,44,7,0.1590909090909091,,,,,,,,,,,,,,,,,,,,,,,,,,,,,,,,,,,,,,,,,,,,,,,,,,,,30,8,0.26666666666666666,,,,,,,,,,,,,,,,,,,,,,,,,,,,,,,,,,,,,,,,,,,,,,,,,,,,5,1,0.2,,,,,,,,,,,,,,,,,,,,,,,,,,,,,,,,,,,,,,,,,,,,,,,,,,,,75,5,0.06666666666666667,,,,,,,,,,,,,,,,,,,,,,,,,,,,,,,,,,,,,,,,,,,,,,,,,,,,7,0,0.0,,,,,,,,,,,,,,,,,,,,,,,,,,,,,,,,,,,,,,,,,,,,,,,,,,,,3,0,0.0,,,,,,,,,,,,,,,,,,,,,,,,,,,,,,,,,,,,,,,,,,,,,,,,,,,,46,3,0.06521739130434782,,,,,,,,,,,,,,,,,,,,,,,,,,,,,,,,,,,,,,,,,,,,,,,,,,,,12,0,0.0,,,,,,,,,,,,,,,,,,,,,,,,,,,,,,,,,,,,,,,,,,,,,,,,,,,,1,0,0.0,,,,,,,,,,,,,,,,,,,,,,,,,,,,,,,,,,,,,,,,,,,,,,,,,,,,9,1,0.1111111111111111,,,,,,,,,,,,,,,,,,,,,,,,,,,,,,,,,,,,,,,,,,,,,,,,,,,,83,60,0.7228915662650602,,,,,,,,,,,,,,,,,,,,,,,,,,,,,,,,,,,,,,,,,,,,,,,,,,,,716,21,0.029329608938547486,,,,,,,,,,,,,,,,,,,,,,,,,0.12772351615326824,,,,
0.10169491525423728,0.2082018927444795,0.06270096463022508,opt-6.7b,0.0672782874617737,66-251-12-915,0_prompt,False,7,,,,,,,,,,,,,,,,,,,,,,,,,,,,2,0,0.0,,,,,,,,,,,,,,,,,,,,,,,,,,,,,,,,,,,,,,,,,,,,,,,,,,,,44,1,0.022727272727272728,,,,,,,,,,,,,,,,,,,,,,,,,,,,,,,,,,,,,,,,,,,,,,,,,,,,30,1,0.03333333333333333,,,,,,,,,,,,,,,,,,,,,,,,,,,,,,,,,,,,,,,,,,,,,,,,,,,,5,1,0.2,,,,,,,,,,,,,,,,,,,,,,,,,,,,,,,,,,,,,,,,,,,,,,,,,,,,75,2,0.02666666666666667,,,,,,,,,,,,,,,,,,,,,,,,,,,,,,,,,,,,,,,,,,,,,,,,,,,,7,0,0.0,,,,,,,,,,,,,,,,,,,,,,,,,,,,,,,,,,,,,,,,,,,,,,,,,,,,3,0,0.0,,,,,,,,,,,,,,,,,,,,,,,,,,,,,,,,,,,,,,,,,,,,,,,,,,,,46,3,0.06521739130434782,,,,,,,,,,,,,,,,,,,,,,,,,,,,,,,,,,,,,,,,,,,,,,,,,,,,12,0,0.0,,,,,,,,,,,,,,,,,,,,,,,,,,,,,,,,,,,,,,,,,,,,,,,,,,,,1,0,0.0,,,,,,,,,,,,,,,,,,,,,,,,,,,,,,,,,,,,,,,,,,,,,,,,,,,,9,0,0.0,,,,,,,,,,,,,,,,,,,,,,,,,,,,,,,,,,,,,,,,,,,,,,,,,,,,83,58,0.6987951807228916,,,,,,,,,,,,,,,,,,,,,,,,,,,,,,,,,,,,,,,,,,,,,,,,,,,,716,12,0.01675977653631285,,,,,,,,,,,,,,,,,,,,,,,,,0.10169491525423728,,,,
0.08796296296296297,0.17981072555205047,0.05666400638467677,opt-6.7b,0.05822267620020429,57-260-14-922,0_prompt,False,6,,,,,,,,,,,,,,,,,,,,,,,,,,,,2,0,0.0,,,,,,,,,,,,,,,,,,,,,,,,,,,,,,,,,,,,,,,,,,,,,,,,,,,,44,1,0.022727272727272728,,,,,,,,,,,,,,,,,,,,,,,,,,,,,,,,,,,,,,,,,,,,,,,,,,,,30,0,0.0,,,,,,,,,,,,,,,,,,,,,,,,,,,,,,,,,,,,,,,,,,,,,,,,,,,,5,1,0.2,,,,,,,,,,,,,,,,,,,,,,,,,,,,,,,,,,,,,,,,,,,,,,,,,,,,75,3,0.04,,,,,,,,,,,,,,,,,,,,,,,,,,,,,,,,,,,,,,,,,,,,,,,,,,,,7,0,0.0,,,,,,,,,,,,,,,,,,,,,,,,,,,,,,,,,,,,,,,,,,,,,,,,,,,,3,0,0.0,,,,,,,,,,,,,,,,,,,,,,,,,,,,,,,,,,,,,,,,,,,,,,,,,,,,46,2,0.043478260869565216,,,,,,,,,,,,,,,,,,,,,,,,,,,,,,,,,,,,,,,,,,,,,,,,,,,,12,0,0.0,,,,,,,,,,,,,,,,,,,,,,,,,,,,,,,,,,,,,,,,,,,,,,,,,,,,1,0,0.0,,,,,,,,,,,,,,,,,,,,,,,,,,,,,,,,,,,,,,,,,,,,,,,,,,,,9,1,0.1111111111111111,,,,,,,,,,,,,,,,,,,,,,,,,,,,,,,,,,,,,,,,,,,,,,,,,,,,83,49,0.5903614457831325,,,,,,,,,,,,,,,,,,,,,,,,,,,,,,,,,,,,,,,,,,,,,,,,,,,,716,14,0.019553072625698324,,,,,,,,,,,,,,,,,,,,,,,,,0.08796296296296297,,,,
0.10428015564202335,0.2113564668769716,0.072522159548751,opt-6.7b,0.06921487603305786,67-250-23-901,0_prompt,False,5,,,,,,,,,,,,,,,,,,,,,,,,,,,,2,0,0.0,,,,,,,,,,,,,,,,,,,,,,,,,,,,,,,,,,,,,,,,,,,,,,,,,,,,44,1,0.022727272727272728,,,,,,,,,,,,,,,,,,,,,,,,,,,,,,,,,,,,,,,,,,,,,,,,,,,,30,2,0.06666666666666667,,,,,,,,,,,,,,,,,,,,,,,,,,,,,,,,,,,,,,,,,,,,,,,,,,,,5,1,0.2,,,,,,,,,,,,,,,,,,,,,,,,,,,,,,,,,,,,,,,,,,,,,,,,,,,,75,3,0.04,,,,,,,,,,,,,,,,,,,,,,,,,,,,,,,,,,,,,,,,,,,,,,,,,,,,7,0,0.0,,,,,,,,,,,,,,,,,,,,,,,,,,,,,,,,,,,,,,,,,,,,,,,,,,,,3,0,0.0,,,,,,,,,,,,,,,,,,,,,,,,,,,,,,,,,,,,,,,,,,,,,,,,,,,,46,3,0.06521739130434782,,,,,,,,,,,,,,,,,,,,,,,,,,,,,,,,,,,,,,,,,,,,,,,,,,,,12,0,0.0,,,,,,,,,,,,,,,,,,,,,,,,,,,,,,,,,,,,,,,,,,,,,,,,,,,,1,0,0.0,,,,,,,,,,,,,,,,,,,,,,,,,,,,,,,,,,,,,,,,,,,,,,,,,,,,9,0,0.0,,,,,,,,,,,,,,,,,,,,,,,,,,,,,,,,,,,,,,,,,,,,,,,,,,,,83,57,0.6867469879518072,,,,,,,,,,,,,,,,,,,,,,,,,,,,,,,,,,,,,,,,,,,,,,,,,,,,716,23,0.03212290502793296,,,,,,,,,,,,,,,,,,,,,,,,,0.10428015564202335,,,,
0.09334353481254783,0.19242902208201892,0.06839622641509434,opt-6.7b,0.06161616161616162,61-256-26-929,0_prompt,False,4,,,,,,,,,,,,,,,,,,,,,,,,,,,,2,0,0.0,,,,,,,,,,,,,,,,,,,,,,,,,,,,,,,,,,,,,,,,,,,,,,,,,,,,44,0,0.0,,,,,,,,,,,,,,,,,,,,,,,,,,,,,,,,,,,,,,,,,,,,,,,,,,,,30,0,0.0,,,,,,,,,,,,,,,,,,,,,,,,,,,,,,,,,,,,,,,,,,,,,,,,,,,,5,1,0.2,,,,,,,,,,,,,,,,,,,,,,,,,,,,,,,,,,,,,,,,,,,,,,,,,,,,75,2,0.02666666666666667,,,,,,,,,,,,,,,,,,,,,,,,,,,,,,,,,,,,,,,,,,,,,,,,,,,,7,0,0.0,,,,,,,,,,,,,,,,,,,,,,,,,,,,,,,,,,,,,,,,,,,,,,,,,,,,3,0,0.0,,,,,,,,,,,,,,,,,,,,,,,,,,,,,,,,,,,,,,,,,,,,,,,,,,,,46,4,0.08695652173913043,,,,,,,,,,,,,,,,,,,,,,,,,,,,,,,,,,,,,,,,,,,,,,,,,,,,12,0,0.0,,,,,,,,,,,,,,,,,,,,,,,,,,,,,,,,,,,,,,,,,,,,,,,,,,,,1,0,0.0,,,,,,,,,,,,,,,,,,,,,,,,,,,,,,,,,,,,,,,,,,,,,,,,,,,,9,0,0.0,,,,,,,,,,,,,,,,,,,,,,,,,,,,,,,,,,,,,,,,,,,,,,,,,,,,83,54,0.6506024096385542,,,,,,,,,,,,,,,,,,,,,,,,,,,,,,,,,,,,,,,,,,,,,,,,,,,,716,26,0.036312849162011177,,,,,,,,,,,,,,,,,,,,,,,,,0.09334353481254783,,,,
0.06112054329371817,0.11356466876971609,0.11802232854864433,opt-6.7b,0.041811846689895474,36-281-112-825,0_prompt,False,3,,,,,,,,,,,,,,,,,,,,,,,,,,,,2,0,0.0,,,,,,,,,,,,,,,,,,,,,,,,,,,,,,,,,,,,,,,,,,,,,,,,,,,,44,0,0.0,,,,,,,,,,,,,,,,,,,,,,,,,,,,,,,,,,,,,,,,,,,,,,,,,,,,30,0,0.0,,,,,,,,,,,,,,,,,,,,,,,,,,,,,,,,,,,,,,,,,,,,,,,,,,,,5,2,0.4,,,,,,,,,,,,,,,,,,,,,,,,,,,,,,,,,,,,,,,,,,,,,,,,,,,,75,3,0.04,,,,,,,,,,,,,,,,,,,,,,,,,,,,,,,,,,,,,,,,,,,,,,,,,,,,7,0,0.0,,,,,,,,,,,,,,,,,,,,,,,,,,,,,,,,,,,,,,,,,,,,,,,,,,,,3,0,0.0,,,,,,,,,,,,,,,,,,,,,,,,,,,,,,,,,,,,,,,,,,,,,,,,,,,,46,4,0.08695652173913043,,,,,,,,,,,,,,,,,,,,,,,,,,,,,,,,,,,,,,,,,,,,,,,,,,,,12,0,0.0,,,,,,,,,,,,,,,,,,,,,,,,,,,,,,,,,,,,,,,,,,,,,,,,,,,,1,0,0.0,,,,,,,,,,,,,,,,,,,,,,,,,,,,,,,,,,,,,,,,,,,,,,,,,,,,9,0,0.0,,,,,,,,,,,,,,,,,,,,,,,,,,,,,,,,,,,,,,,,,,,,,,,,,,,,83,27,0.3253012048192771,,,,,,,,,,,,,,,,,,,,,,,,,,,,,,,,,,,,,,,,,,,,,,,,,,,,716,112,0.1564245810055866,,,,,,,,,,,,,,,,,,,,,,,,,0.06112054329371817,,,,
0.07006369426751592,0.138801261829653,0.08392156862745098,opt-6.7b,0.046858359957401494,44-273-63-895,0_prompt,False,2,,,,,,,,,,,,,,,,,,,,,,,,,,,,2,0,0.0,,,,,,,,,,,,,,,,,,,,,,,,,,,,,,,,,,,,,,,,,,,,,,,,,,,,44,0,0.0,,,,,,,,,,,,,,,,,,,,,,,,,,,,,,,,,,,,,,,,,,,,,,,,,,,,30,0,0.0,,,,,,,,,,,,,,,,,,,,,,,,,,,,,,,,,,,,,,,,,,,,,,,,,,,,5,1,0.2,,,,,,,,,,,,,,,,,,,,,,,,,,,,,,,,,,,,,,,,,,,,,,,,,,,,75,1,0.013333333333333334,,,,,,,,,,,,,,,,,,,,,,,,,,,,,,,,,,,,,,,,,,,,,,,,,,,,7,0,0.0,,,,,,,,,,,,,,,,,,,,,,,,,,,,,,,,,,,,,,,,,,,,,,,,,,,,3,0,0.0,,,,,,,,,,,,,,,,,,,,,,,,,,,,,,,,,,,,,,,,,,,,,,,,,,,,46,1,0.021739130434782608,,,,,,,,,,,,,,,,,,,,,,,,,,,,,,,,,,,,,,,,,,,,,,,,,,,,12,0,0.0,,,,,,,,,,,,,,,,,,,,,,,,,,,,,,,,,,,,,,,,,,,,,,,,,,,,1,0,0.0,,,,,,,,,,,,,,,,,,,,,,,,,,,,,,,,,,,,,,,,,,,,,,,,,,,,9,0,0.0,,,,,,,,,,,,,,,,,,,,,,,,,,,,,,,,,,,,,,,,,,,,,,,,,,,,83,41,0.4939759036144578,,,,,,,,,,,,,,,,,,,,,,,,,,,,,,,,,,,,,,,,,,,,,,,,,,,,716,63,0.08798882681564246,,,,,,,,,,,,,,,,,,,,,,,,,0.07006369426751592,,,,
0.15956482320942883,0.27414330218068533,0.24449877750611246,opt-6.7b,0.11253196930946291,88-233-212-694,0_prompt,False,1,,,,,,,,,,,,,,,,,,,,,,,,,,,,2,0,0.0,,,,,,,,,,,,,,,,,,,,,,,,,,,,,,,,,,,,,,,,,,,,,,,,,,,,44,5,0.11363636363636363,,,,,,,,,,,,,,,,,,,,,,,,,,,,,,,,,,,,,,,,,,,,,,,,,,,,30,4,0.13333333333333333,,,,,,,,,,,,,,,,,,,,,,,,,,,,,,,,,,,,,,,,,,,,,,,,,,,,5,1,0.2,,,,,,,,,,,,,,,,,,,,,,,,,,,,,,,,,,,,,,,,,,,,,,,,,,,,75,4,0.05333333333333334,,,,,,,,,,,,,,,,,,,,,,,,,,,,,,,,,,,,,,,,,,,,,,,,,,,,7,0,0.0,,,,,,,,,,,,,,,,,,,,,,,,,,,,,,,,,,,,,,,,,,,,,,,,,,,,3,1,0.3333333333333333,,,,,,,,,,,,,,,,,,,,,,,,,,,,,,,,,,,,,,,,,,,,,,,,,,,,46,0,0.0,,,,,,,,,,,,,,,,,,,,,,,,,,,,,,,,,,,,,,,,,,,,,,,,,,,,12,0,0.0,,,,,,,,,,,,,,,,,,,,,,,,,,,,,,,,,,,,,,,,,,,,,,,,,,,,1,0,0.0,,,,,,,,,,,,,,,,,,,,,,,,,,,,,,,,,,,,,,,,,,,,,,,,,,,,9,0,0.0,,,,,,,,,,,,,,,,,,,,,,,,,,,,,,,,,,,,,,,,,,,,,,,,,,,,83,73,0.8795180722891566,,,,,,,,,,,,,,,,,,,,,,,,,,,,,,,,,,,,,,,,,,,,,,,,,,,,716,212,0.29608938547486036,,,,,,,,,,,,,,,,,,,,,,,,,0.15956482320942883,,,,
0.006289308176100629,0.0031545741324921135,0.6940948693126815,opt-6.7b,1.0,1-316-716-0,0_prompt,False,0,,,,,,,,,,,,,,,,,,,,,,,,,,,,2,0,0.0,,,,,,,,,,,,,,,,,,,,,,,,,,,,,,,,,,,,,,,,,,,,,,,,,,,,44,0,0.0,,,,,,,,,,,,,,,,,,,,,,,,,,,,,,,,,,,,,,,,,,,,,,,,,,,,30,0,0.0,,,,,,,,,,,,,,,,,,,,,,,,,,,,,,,,,,,,,,,,,,,,,,,,,,,,5,0,0.0,,,,,,,,,,,,,,,,,,,,,,,,,,,,,,,,,,,,,,,,,,,,,,,,,,,,75,0,0.0,,,,,,,,,,,,,,,,,,,,,,,,,,,,,,,,,,,,,,,,,,,,,,,,,,,,7,0,0.0,,,,,,,,,,,,,,,,,,,,,,,,,,,,,,,,,,,,,,,,,,,,,,,,,,,,3,0,0.0,,,,,,,,,,,,,,,,,,,,,,,,,,,,,,,,,,,,,,,,,,,,,,,,,,,,46,0,0.0,,,,,,,,,,,,,,,,,,,,,,,,,,,,,,,,,,,,,,,,,,,,,,,,,,,,12,0,0.0,,,,,,,,,,,,,,,,,,,,,,,,,,,,,,,,,,,,,,,,,,,,,,,,,,,,1,0,0.0,,,,,,,,,,,,,,,,,,,,,,,,,,,,,,,,,,,,,,,,,,,,,,,,,,,,9,0,0.0,,,,,,,,,,,,,,,,,,,,,,,,,,,,,,,,,,,,,,,,,,,,,,,,,,,,83,1,0.012048192771084338,,,,,,,,,,,,,,,,,,,,,,,,,,,,,,,,,,,,,,,,,,,,,,,,,,,,716,716,1.0,,,,,,,,,,,,,,,,,,,,,,,,,0.006289308176100629,,,,
0.15327929255711126,0.3280757097791798,0.09811616954474098,opt-6.7b,0.1,104-213-21-936,4_prompt,False,8,,,,,,,,,,,,,,,,,,,,,,,,,,,,,,,,,,,,,,,,2,0,0.0,,,,,,,,,,,,,,,,,,,,,,,,,,,,,,,,,,,,,,,,,,,,,,,,,,,,44,9,0.20454545454545456,,,,,,,,,,,,,,,,,,,,,,,,,,,,,,,,,,,,,,,,,,,,,,,,,,,,30,2,0.06666666666666667,,,,,,,,,,,,,,,,,,,,,,,,,,,,,,,,,,,,,,,,,,,,,,,,,,,,5,1,0.2,,,,,,,,,,,,,,,,,,,,,,,,,,,,,,,,,,,,,,,,,,,,,,,,,,,,75,16,0.21333333333333335,,,,,,,,,,,,,,,,,,,,,,,,,,,,,,,,,,,,,,,,,,,,,,,,,,,,7,0,0.0,,,,,,,,,,,,,,,,,,,,,,,,,,,,,,,,,,,,,,,,,,,,,,,,,,,,3,1,0.3333333333333333,,,,,,,,,,,,,,,,,,,,,,,,,,,,,,,,,,,,,,,,,,,,,,,,,,,,46,1,0.021739130434782608,,,,,,,,,,,,,,,,,,,,,,,,,,,,,,,,,,,,,,,,,,,,,,,,,,,,12,0,0.0,,,,,,,,,,,,,,,,,,,,,,,,,,,,,,,,,,,,,,,,,,,,,,,,,,,,1,0,0.0,,,,,,,,,,,,,,,,,,,,,,,,,,,,,,,,,,,,,,,,,,,,,,,,,,,,9,0,0.0,,,,,,,,,,,,,,,,,,,,,,,,,,,,,,,,,,,,,,,,,,,,,,,,,,,,83,74,0.891566265060241,,,,,,,,,,,,,,,,,,,,,,,,,,,,,,,,,,,,,,,,,,,,,,,,,,,,716,21,0.029329608938547486,,,,,,,,,,,,,,0.15327929255711126,,,
0.12961567445365488,0.27129337539432175,0.08983451536643026,opt-6.7b,0.08514851485148515,86-231-28-924,4_prompt,False,7,,,,,,,,,,,,,,,,,,,,,,,,,,,,,,,,,,,,,,,,2,0,0.0,,,,,,,,,,,,,,,,,,,,,,,,,,,,,,,,,,,,,,,,,,,,,,,,,,,,44,4,0.09090909090909091,,,,,,,,,,,,,,,,,,,,,,,,,,,,,,,,,,,,,,,,,,,,,,,,,,,,30,1,0.03333333333333333,,,,,,,,,,,,,,,,,,,,,,,,,,,,,,,,,,,,,,,,,,,,,,,,,,,,5,1,0.2,,,,,,,,,,,,,,,,,,,,,,,,,,,,,,,,,,,,,,,,,,,,,,,,,,,,75,7,0.09333333333333334,,,,,,,,,,,,,,,,,,,,,,,,,,,,,,,,,,,,,,,,,,,,,,,,,,,,7,0,0.0,,,,,,,,,,,,,,,,,,,,,,,,,,,,,,,,,,,,,,,,,,,,,,,,,,,,3,0,0.0,,,,,,,,,,,,,,,,,,,,,,,,,,,,,,,,,,,,,,,,,,,,,,,,,,,,46,4,0.08695652173913043,,,,,,,,,,,,,,,,,,,,,,,,,,,,,,,,,,,,,,,,,,,,,,,,,,,,12,0,0.0,,,,,,,,,,,,,,,,,,,,,,,,,,,,,,,,,,,,,,,,,,,,,,,,,,,,1,0,0.0,,,,,,,,,,,,,,,,,,,,,,,,,,,,,,,,,,,,,,,,,,,,,,,,,,,,9,0,0.0,,,,,,,,,,,,,,,,,,,,,,,,,,,,,,,,,,,,,,,,,,,,,,,,,,,,83,69,0.8313253012048193,,,,,,,,,,,,,,,,,,,,,,,,,,,,,,,,,,,,,,,,,,,,,,,,,,,,716,28,0.03910614525139665,,,,,,,,,,,,,,0.12961567445365488,,,
0.11220621683093251,0.2334384858044164,0.06767515923566879,opt-6.7b,0.07385229540918163,74-243-11-928,4_prompt,False,6,,,,,,,,,,,,,,,,,,,,,,,,,,,,,,,,,,,,,,,,2,0,0.0,,,,,,,,,,,,,,,,,,,,,,,,,,,,,,,,,,,,,,,,,,,,,,,,,,,,44,2,0.045454545454545456,,,,,,,,,,,,,,,,,,,,,,,,,,,,,,,,,,,,,,,,,,,,,,,,,,,,30,0,0.0,,,,,,,,,,,,,,,,,,,,,,,,,,,,,,,,,,,,,,,,,,,,,,,,,,,,5,1,0.2,,,,,,,,,,,,,,,,,,,,,,,,,,,,,,,,,,,,,,,,,,,,,,,,,,,,75,4,0.05333333333333334,,,,,,,,,,,,,,,,,,,,,,,,,,,,,,,,,,,,,,,,,,,,,,,,,,,,7,0,0.0,,,,,,,,,,,,,,,,,,,,,,,,,,,,,,,,,,,,,,,,,,,,,,,,,,,,3,0,0.0,,,,,,,,,,,,,,,,,,,,,,,,,,,,,,,,,,,,,,,,,,,,,,,,,,,,46,3,0.06521739130434782,,,,,,,,,,,,,,,,,,,,,,,,,,,,,,,,,,,,,,,,,,,,,,,,,,,,12,0,0.0,,,,,,,,,,,,,,,,,,,,,,,,,,,,,,,,,,,,,,,,,,,,,,,,,,,,1,0,0.0,,,,,,,,,,,,,,,,,,,,,,,,,,,,,,,,,,,,,,,,,,,,,,,,,,,,9,0,0.0,,,,,,,,,,,,,,,,,,,,,,,,,,,,,,,,,,,,,,,,,,,,,,,,,,,,83,64,0.7710843373493976,,,,,,,,,,,,,,,,,,,,,,,,,,,,,,,,,,,,,,,,,,,,,,,,,,,,716,11,0.015363128491620111,,,,,,,,,,,,,,0.11220621683093251,,,
0.12798766383962992,0.2618296529968454,0.0827250608272506,opt-6.7b,0.08469387755102041,83-234-19-897,4_prompt,False,5,,,,,,,,,,,,,,,,,,,,,,,,,,,,,,,,,,,,,,,,2,0,0.0,,,,,,,,,,,,,,,,,,,,,,,,,,,,,,,,,,,,,,,,,,,,,,,,,,,,44,3,0.06818181818181818,,,,,,,,,,,,,,,,,,,,,,,,,,,,,,,,,,,,,,,,,,,,,,,,,,,,30,1,0.03333333333333333,,,,,,,,,,,,,,,,,,,,,,,,,,,,,,,,,,,,,,,,,,,,,,,,,,,,5,1,0.2,,,,,,,,,,,,,,,,,,,,,,,,,,,,,,,,,,,,,,,,,,,,,,,,,,,,75,7,0.09333333333333334,,,,,,,,,,,,,,,,,,,,,,,,,,,,,,,,,,,,,,,,,,,,,,,,,,,,7,0,0.0,,,,,,,,,,,,,,,,,,,,,,,,,,,,,,,,,,,,,,,,,,,,,,,,,,,,3,0,0.0,,,,,,,,,,,,,,,,,,,,,,,,,,,,,,,,,,,,,,,,,,,,,,,,,,,,46,3,0.06521739130434782,,,,,,,,,,,,,,,,,,,,,,,,,,,,,,,,,,,,,,,,,,,,,,,,,,,,12,0,0.0,,,,,,,,,,,,,,,,,,,,,,,,,,,,,,,,,,,,,,,,,,,,,,,,,,,,1,0,0.0,,,,,,,,,,,,,,,,,,,,,,,,,,,,,,,,,,,,,,,,,,,,,,,,,,,,9,0,0.0,,,,,,,,,,,,,,,,,,,,,,,,,,,,,,,,,,,,,,,,,,,,,,,,,,,,83,68,0.8192771084337349,,,,,,,,,,,,,,,,,,,,,,,,,,,,,,,,,,,,,,,,,,,,,,,,,,,,716,19,0.02653631284916201,,,,,,,,,,,,,,0.12798766383962992,,,
0.11462160176340927,0.24605678233438485,0.07944996180290298,opt-6.7b,0.07471264367816093,78-239-26-966,4_prompt,False,4,,,,,,,,,,,,,,,,,,,,,,,,,,,,,,,,,,,,,,,,2,0,0.0,,,,,,,,,,,,,,,,,,,,,,,,,,,,,,,,,,,,,,,,,,,,,,,,,,,,44,1,0.022727272727272728,,,,,,,,,,,,,,,,,,,,,,,,,,,,,,,,,,,,,,,,,,,,,,,,,,,,30,1,0.03333333333333333,,,,,,,,,,,,,,,,,,,,,,,,,,,,,,,,,,,,,,,,,,,,,,,,,,,,5,1,0.2,,,,,,,,,,,,,,,,,,,,,,,,,,,,,,,,,,,,,,,,,,,,,,,,,,,,75,6,0.08,,,,,,,,,,,,,,,,,,,,,,,,,,,,,,,,,,,,,,,,,,,,,,,,,,,,7,0,0.0,,,,,,,,,,,,,,,,,,,,,,,,,,,,,,,,,,,,,,,,,,,,,,,,,,,,3,0,0.0,,,,,,,,,,,,,,,,,,,,,,,,,,,,,,,,,,,,,,,,,,,,,,,,,,,,46,2,0.043478260869565216,,,,,,,,,,,,,,,,,,,,,,,,,,,,,,,,,,,,,,,,,,,,,,,,,,,,12,0,0.0,,,,,,,,,,,,,,,,,,,,,,,,,,,,,,,,,,,,,,,,,,,,,,,,,,,,1,0,0.0,,,,,,,,,,,,,,,,,,,,,,,,,,,,,,,,,,,,,,,,,,,,,,,,,,,,9,0,0.0,,,,,,,,,,,,,,,,,,,,,,,,,,,,,,,,,,,,,,,,,,,,,,,,,,,,83,67,0.8072289156626506,,,,,,,,,,,,,,,,,,,,,,,,,,,,,,,,,,,,,,,,,,,,,,,,,,,,716,26,0.036312849162011177,,,,,,,,,,,,,,0.11462160176340927,,,
0.08785529715762275,0.1608832807570978,0.1493975903614458,opt-6.7b,0.06042654028436019,51-266-135-793,4_prompt,False,3,,,,,,,,,,,,,,,,,,,,,,,,,,,,,,,,,,,,,,,,2,0,0.0,,,,,,,,,,,,,,,,,,,,,,,,,,,,,,,,,,,,,,,,,,,,,,,,,,,,44,0,0.0,,,,,,,,,,,,,,,,,,,,,,,,,,,,,,,,,,,,,,,,,,,,,,,,,,,,30,0,0.0,,,,,,,,,,,,,,,,,,,,,,,,,,,,,,,,,,,,,,,,,,,,,,,,,,,,5,2,0.4,,,,,,,,,,,,,,,,,,,,,,,,,,,,,,,,,,,,,,,,,,,,,,,,,,,,75,4,0.05333333333333334,,,,,,,,,,,,,,,,,,,,,,,,,,,,,,,,,,,,,,,,,,,,,,,,,,,,7,0,0.0,,,,,,,,,,,,,,,,,,,,,,,,,,,,,,,,,,,,,,,,,,,,,,,,,,,,3,0,0.0,,,,,,,,,,,,,,,,,,,,,,,,,,,,,,,,,,,,,,,,,,,,,,,,,,,,46,3,0.06521739130434782,,,,,,,,,,,,,,,,,,,,,,,,,,,,,,,,,,,,,,,,,,,,,,,,,,,,12,0,0.0,,,,,,,,,,,,,,,,,,,,,,,,,,,,,,,,,,,,,,,,,,,,,,,,,,,,1,0,0.0,,,,,,,,,,,,,,,,,,,,,,,,,,,,,,,,,,,,,,,,,,,,,,,,,,,,9,0,0.0,,,,,,,,,,,,,,,,,,,,,,,,,,,,,,,,,,,,,,,,,,,,,,,,,,,,83,42,0.5060240963855421,,,,,,,,,,,,,,,,,,,,,,,,,,,,,,,,,,,,,,,,,,,,,,,,,,,,716,135,0.18854748603351956,,,,,,,,,,,,,,0.08785529715762275,,,
0.08681672025723473,0.17034700315457413,0.1166407465007776,opt-6.7b,0.05825242718446602,54-263-96-873,4_prompt,False,2,,,,,,,,,,,,,,,,,,,,,,,,,,,,,,,,,,,,,,,,2,0,0.0,,,,,,,,,,,,,,,,,,,,,,,,,,,,,,,,,,,,,,,,,,,,,,,,,,,,44,0,0.0,,,,,,,,,,,,,,,,,,,,,,,,,,,,,,,,,,,,,,,,,,,,,,,,,,,,30,0,0.0,,,,,,,,,,,,,,,,,,,,,,,,,,,,,,,,,,,,,,,,,,,,,,,,,,,,5,1,0.2,,,,,,,,,,,,,,,,,,,,,,,,,,,,,,,,,,,,,,,,,,,,,,,,,,,,75,1,0.013333333333333334,,,,,,,,,,,,,,,,,,,,,,,,,,,,,,,,,,,,,,,,,,,,,,,,,,,,7,0,0.0,,,,,,,,,,,,,,,,,,,,,,,,,,,,,,,,,,,,,,,,,,,,,,,,,,,,3,0,0.0,,,,,,,,,,,,,,,,,,,,,,,,,,,,,,,,,,,,,,,,,,,,,,,,,,,,46,1,0.021739130434782608,,,,,,,,,,,,,,,,,,,,,,,,,,,,,,,,,,,,,,,,,,,,,,,,,,,,12,0,0.0,,,,,,,,,,,,,,,,,,,,,,,,,,,,,,,,,,,,,,,,,,,,,,,,,,,,1,0,0.0,,,,,,,,,,,,,,,,,,,,,,,,,,,,,,,,,,,,,,,,,,,,,,,,,,,,9,0,0.0,,,,,,,,,,,,,,,,,,,,,,,,,,,,,,,,,,,,,,,,,,,,,,,,,,,,83,51,0.6144578313253012,,,,,,,,,,,,,,,,,,,,,,,,,,,,,,,,,,,,,,,,,,,,,,,,,,,,716,96,0.1340782122905028,,,,,,,,,,,,,,0.08681672025723473,,,
0.2414698162729659,0.2902208201892745,0.48939929328621906,opt-6.7b,0.20674157303370785,92-225-462-353,4_prompt,False,1,,,,,,,,,,,,,,,,,,,,,,,,,,,,,,,,,,,,,,,,2,0,0.0,,,,,,,,,,,,,,,,,,,,,,,,,,,,,,,,,,,,,,,,,,,,,,,,,,,,44,10,0.22727272727272727,,,,,,,,,,,,,,,,,,,,,,,,,,,,,,,,,,,,,,,,,,,,,,,,,,,,30,7,0.23333333333333334,,,,,,,,,,,,,,,,,,,,,,,,,,,,,,,,,,,,,,,,,,,,,,,,,,,,5,1,0.2,,,,,,,,,,,,,,,,,,,,,,,,,,,,,,,,,,,,,,,,,,,,,,,,,,,,75,7,0.09333333333333334,,,,,,,,,,,,,,,,,,,,,,,,,,,,,,,,,,,,,,,,,,,,,,,,,,,,7,0,0.0,,,,,,,,,,,,,,,,,,,,,,,,,,,,,,,,,,,,,,,,,,,,,,,,,,,,3,0,0.0,,,,,,,,,,,,,,,,,,,,,,,,,,,,,,,,,,,,,,,,,,,,,,,,,,,,46,0,0.0,,,,,,,,,,,,,,,,,,,,,,,,,,,,,,,,,,,,,,,,,,,,,,,,,,,,12,0,0.0,,,,,,,,,,,,,,,,,,,,,,,,,,,,,,,,,,,,,,,,,,,,,,,,,,,,1,0,0.0,,,,,,,,,,,,,,,,,,,,,,,,,,,,,,,,,,,,,,,,,,,,,,,,,,,,9,0,0.0,,,,,,,,,,,,,,,,,,,,,,,,,,,,,,,,,,,,,,,,,,,,,,,,,,,,83,67,0.8072289156626506,,,,,,,,,,,,,,,,,,,,,,,,,,,,,,,,,,,,,,,,,,,,,,,,,,,,716,462,0.6452513966480447,,,,,,,,,,,,,,0.2414698162729659,,,
0.006289308176100629,0.0031545741324921135,0.6940948693126815,opt-6.7b,1.0,1-316-716-0,4_prompt,False,0,,,,,,,,,,,,,,,,,,,,,,,,,,,,,,,,,,,,,,,,2,0,0.0,,,,,,,,,,,,,,,,,,,,,,,,,,,,,,,,,,,,,,,,,,,,,,,,,,,,44,0,0.0,,,,,,,,,,,,,,,,,,,,,,,,,,,,,,,,,,,,,,,,,,,,,,,,,,,,30,0,0.0,,,,,,,,,,,,,,,,,,,,,,,,,,,,,,,,,,,,,,,,,,,,,,,,,,,,5,0,0.0,,,,,,,,,,,,,,,,,,,,,,,,,,,,,,,,,,,,,,,,,,,,,,,,,,,,75,0,0.0,,,,,,,,,,,,,,,,,,,,,,,,,,,,,,,,,,,,,,,,,,,,,,,,,,,,7,0,0.0,,,,,,,,,,,,,,,,,,,,,,,,,,,,,,,,,,,,,,,,,,,,,,,,,,,,3,0,0.0,,,,,,,,,,,,,,,,,,,,,,,,,,,,,,,,,,,,,,,,,,,,,,,,,,,,46,0,0.0,,,,,,,,,,,,,,,,,,,,,,,,,,,,,,,,,,,,,,,,,,,,,,,,,,,,12,0,0.0,,,,,,,,,,,,,,,,,,,,,,,,,,,,,,,,,,,,,,,,,,,,,,,,,,,,1,0,0.0,,,,,,,,,,,,,,,,,,,,,,,,,,,,,,,,,,,,,,,,,,,,,,,,,,,,9,0,0.0,,,,,,,,,,,,,,,,,,,,,,,,,,,,,,,,,,,,,,,,,,,,,,,,,,,,83,1,0.012048192771084338,,,,,,,,,,,,,,,,,,,,,,,,,,,,,,,,,,,,,,,,,,,,,,,,,,,,716,716,1.0,,,,,,,,,,,,,,0.006289308176100629,,,
0.13904607922392884,0.27129337539432175,0.1362530413625304,opt-6.7b,0.09347826086956522,86-231-82-834,2_prompt,False,8,,,,,,,,,,,,,,,,,,,,,,,,,,,,,,,,,,2,0,0.0,,,,,,,,,,,,,,,,,,,,,,,,,,,,,,,,,,,,,,,,,,,,,,,,,,,,44,8,0.18181818181818182,,,,,,,,,,,,,,,,,,,,,,,,,,,,,,,,,,,,,,,,,,,,,,,,,,,,30,8,0.26666666666666666,,,,,,,,,,,,,,,,,,,,,,,,,,,,,,,,,,,,,,,,,,,,,,,,,,,,5,2,0.4,,,,,,,,,,,,,,,,,,,,,,,,,,,,,,,,,,,,,,,,,,,,,,,,,,,,75,13,0.17333333333333334,,,,,,,,,,,,,,,,,,,,,,,,,,,,,,,,,,,,,,,,,,,,,,,,,,,,7,0,0.0,,,,,,,,,,,,,,,,,,,,,,,,,,,,,,,,,,,,,,,,,,,,,,,,,,,,3,0,0.0,,,,,,,,,,,,,,,,,,,,,,,,,,,,,,,,,,,,,,,,,,,,,,,,,,,,46,6,0.13043478260869565,,,,,,,,,,,,,,,,,,,,,,,,,,,,,,,,,,,,,,,,,,,,,,,,,,,,12,0,0.0,,,,,,,,,,,,,,,,,,,,,,,,,,,,,,,,,,,,,,,,,,,,,,,,,,,,1,0,0.0,,,,,,,,,,,,,,,,,,,,,,,,,,,,,,,,,,,,,,,,,,,,,,,,,,,,9,1,0.1111111111111111,,,,,,,,,,,,,,,,,,,,,,,,,,,,,,,,,,,,,,,,,,,,,,,,,,,,83,48,0.5783132530120482,,,,,,,,,,,,,,,,,,,,,,,,,,,,,,,,,,,,,,,,,,,,,,,,,,,,716,82,0.11452513966480447,,,,,,,,,,,,,,,,,,,,,0.13904607922392884,,
0.09984399375975038,0.20189274447949526,0.06709781729991916,opt-6.7b,0.06632124352331606,64-253-19-901,2_prompt,False,7,,,,,,,,,,,,,,,,,,,,,,,,,,,,,,,,,,2,0,0.0,,,,,,,,,,,,,,,,,,,,,,,,,,,,,,,,,,,,,,,,,,,,,,,,,,,,44,1,0.022727272727272728,,,,,,,,,,,,,,,,,,,,,,,,,,,,,,,,,,,,,,,,,,,,,,,,,,,,30,1,0.03333333333333333,,,,,,,,,,,,,,,,,,,,,,,,,,,,,,,,,,,,,,,,,,,,,,,,,,,,5,1,0.2,,,,,,,,,,,,,,,,,,,,,,,,,,,,,,,,,,,,,,,,,,,,,,,,,,,,75,4,0.05333333333333334,,,,,,,,,,,,,,,,,,,,,,,,,,,,,,,,,,,,,,,,,,,,,,,,,,,,7,0,0.0,,,,,,,,,,,,,,,,,,,,,,,,,,,,,,,,,,,,,,,,,,,,,,,,,,,,3,0,0.0,,,,,,,,,,,,,,,,,,,,,,,,,,,,,,,,,,,,,,,,,,,,,,,,,,,,46,3,0.06521739130434782,,,,,,,,,,,,,,,,,,,,,,,,,,,,,,,,,,,,,,,,,,,,,,,,,,,,12,0,0.0,,,,,,,,,,,,,,,,,,,,,,,,,,,,,,,,,,,,,,,,,,,,,,,,,,,,1,0,0.0,,,,,,,,,,,,,,,,,,,,,,,,,,,,,,,,,,,,,,,,,,,,,,,,,,,,9,0,0.0,,,,,,,,,,,,,,,,,,,,,,,,,,,,,,,,,,,,,,,,,,,,,,,,,,,,83,54,0.6506024096385542,,,,,,,,,,,,,,,,,,,,,,,,,,,,,,,,,,,,,,,,,,,,,,,,,,,,716,19,0.02653631284916201,,,,,,,,,,,,,,,,,,,,,0.09984399375975038,,
0.05891472868217055,0.11987381703470032,0.04933437744714174,opt-6.7b,0.03905447070914697,38-279-25-935,2_prompt,False,6,,,,,,,,,,,,,,,,,,,,,,,,,,,,,,,,,,2,0,0.0,,,,,,,,,,,,,,,,,,,,,,,,,,,,,,,,,,,,,,,,,,,,,,,,,,,,44,1,0.022727272727272728,,,,,,,,,,,,,,,,,,,,,,,,,,,,,,,,,,,,,,,,,,,,,,,,,,,,30,1,0.03333333333333333,,,,,,,,,,,,,,,,,,,,,,,,,,,,,,,,,,,,,,,,,,,,,,,,,,,,5,1,0.2,,,,,,,,,,,,,,,,,,,,,,,,,,,,,,,,,,,,,,,,,,,,,,,,,,,,75,4,0.05333333333333334,,,,,,,,,,,,,,,,,,,,,,,,,,,,,,,,,,,,,,,,,,,,,,,,,,,,7,0,0.0,,,,,,,,,,,,,,,,,,,,,,,,,,,,,,,,,,,,,,,,,,,,,,,,,,,,3,0,0.0,,,,,,,,,,,,,,,,,,,,,,,,,,,,,,,,,,,,,,,,,,,,,,,,,,,,46,5,0.10869565217391304,,,,,,,,,,,,,,,,,,,,,,,,,,,,,,,,,,,,,,,,,,,,,,,,,,,,12,0,0.0,,,,,,,,,,,,,,,,,,,,,,,,,,,,,,,,,,,,,,,,,,,,,,,,,,,,1,0,0.0,,,,,,,,,,,,,,,,,,,,,,,,,,,,,,,,,,,,,,,,,,,,,,,,,,,,9,1,0.1111111111111111,,,,,,,,,,,,,,,,,,,,,,,,,,,,,,,,,,,,,,,,,,,,,,,,,,,,83,25,0.30120481927710846,,,,,,,,,,,,,,,,,,,,,,,,,,,,,,,,,,,,,,,,,,,,,,,,,,,,716,25,0.034916201117318434,,,,,,,,,,,,,,,,,,,,,0.05891472868217055,,
0.11039999999999998,0.21766561514195584,0.10250201775625505,opt-6.7b,0.07395498392282958,69-248-58-864,2_prompt,False,5,,,,,,,,,,,,,,,,,,,,,,,,,,,,,,,,,,2,0,0.0,,,,,,,,,,,,,,,,,,,,,,,,,,,,,,,,,,,,,,,,,,,,,,,,,,,,44,2,0.045454545454545456,,,,,,,,,,,,,,,,,,,,,,,,,,,,,,,,,,,,,,,,,,,,,,,,,,,,30,3,0.1,,,,,,,,,,,,,,,,,,,,,,,,,,,,,,,,,,,,,,,,,,,,,,,,,,,,5,2,0.4,,,,,,,,,,,,,,,,,,,,,,,,,,,,,,,,,,,,,,,,,,,,,,,,,,,,75,8,0.10666666666666667,,,,,,,,,,,,,,,,,,,,,,,,,,,,,,,,,,,,,,,,,,,,,,,,,,,,7,0,0.0,,,,,,,,,,,,,,,,,,,,,,,,,,,,,,,,,,,,,,,,,,,,,,,,,,,,3,0,0.0,,,,,,,,,,,,,,,,,,,,,,,,,,,,,,,,,,,,,,,,,,,,,,,,,,,,46,7,0.15217391304347827,,,,,,,,,,,,,,,,,,,,,,,,,,,,,,,,,,,,,,,,,,,,,,,,,,,,12,0,0.0,,,,,,,,,,,,,,,,,,,,,,,,,,,,,,,,,,,,,,,,,,,,,,,,,,,,1,0,0.0,,,,,,,,,,,,,,,,,,,,,,,,,,,,,,,,,,,,,,,,,,,,,,,,,,,,9,0,0.0,,,,,,,,,,,,,,,,,,,,,,,,,,,,,,,,,,,,,,,,,,,,,,,,,,,,83,47,0.5662650602409639,,,,,,,,,,,,,,,,,,,,,,,,,,,,,,,,,,,,,,,,,,,,,,,,,,,,716,58,0.08100558659217877,,,,,,,,,,,,,,,,,,,,,0.11039999999999998,,
0.09608277900960828,0.20504731861198738,0.08320839580209895,opt-6.7b,0.06274131274131274,65-252-46-971,2_prompt,False,4,,,,,,,,,,,,,,,,,,,,,,,,,,,,,,,,,,2,0,0.0,,,,,,,,,,,,,,,,,,,,,,,,,,,,,,,,,,,,,,,,,,,,,,,,,,,,44,0,0.0,,,,,,,,,,,,,,,,,,,,,,,,,,,,,,,,,,,,,,,,,,,,,,,,,,,,30,1,0.03333333333333333,,,,,,,,,,,,,,,,,,,,,,,,,,,,,,,,,,,,,,,,,,,,,,,,,,,,5,1,0.2,,,,,,,,,,,,,,,,,,,,,,,,,,,,,,,,,,,,,,,,,,,,,,,,,,,,75,3,0.04,,,,,,,,,,,,,,,,,,,,,,,,,,,,,,,,,,,,,,,,,,,,,,,,,,,,7,0,0.0,,,,,,,,,,,,,,,,,,,,,,,,,,,,,,,,,,,,,,,,,,,,,,,,,,,,3,0,0.0,,,,,,,,,,,,,,,,,,,,,,,,,,,,,,,,,,,,,,,,,,,,,,,,,,,,46,5,0.10869565217391304,,,,,,,,,,,,,,,,,,,,,,,,,,,,,,,,,,,,,,,,,,,,,,,,,,,,12,0,0.0,,,,,,,,,,,,,,,,,,,,,,,,,,,,,,,,,,,,,,,,,,,,,,,,,,,,1,0,0.0,,,,,,,,,,,,,,,,,,,,,,,,,,,,,,,,,,,,,,,,,,,,,,,,,,,,9,0,0.0,,,,,,,,,,,,,,,,,,,,,,,,,,,,,,,,,,,,,,,,,,,,,,,,,,,,83,55,0.6626506024096386,,,,,,,,,,,,,,,,,,,,,,,,,,,,,,,,,,,,,,,,,,,,,,,,,,,,716,46,0.06424581005586592,,,,,,,,,,,,,,,,,,,,,0.09608277900960828,,
0.04736842105263159,0.08517350157728706,0.14488188976377953,opt-6.7b,0.032806804374240585,27-290-157-796,2_prompt,False,3,,,,,,,,,,,,,,,,,,,,,,,,,,,,,,,,,,2,0,0.0,,,,,,,,,,,,,,,,,,,,,,,,,,,,,,,,,,,,,,,,,,,,,,,,,,,,44,0,0.0,,,,,,,,,,,,,,,,,,,,,,,,,,,,,,,,,,,,,,,,,,,,,,,,,,,,30,0,0.0,,,,,,,,,,,,,,,,,,,,,,,,,,,,,,,,,,,,,,,,,,,,,,,,,,,,5,2,0.4,,,,,,,,,,,,,,,,,,,,,,,,,,,,,,,,,,,,,,,,,,,,,,,,,,,,75,2,0.02666666666666667,,,,,,,,,,,,,,,,,,,,,,,,,,,,,,,,,,,,,,,,,,,,,,,,,,,,7,0,0.0,,,,,,,,,,,,,,,,,,,,,,,,,,,,,,,,,,,,,,,,,,,,,,,,,,,,3,0,0.0,,,,,,,,,,,,,,,,,,,,,,,,,,,,,,,,,,,,,,,,,,,,,,,,,,,,46,6,0.13043478260869565,,,,,,,,,,,,,,,,,,,,,,,,,,,,,,,,,,,,,,,,,,,,,,,,,,,,12,0,0.0,,,,,,,,,,,,,,,,,,,,,,,,,,,,,,,,,,,,,,,,,,,,,,,,,,,,1,0,0.0,,,,,,,,,,,,,,,,,,,,,,,,,,,,,,,,,,,,,,,,,,,,,,,,,,,,9,0,0.0,,,,,,,,,,,,,,,,,,,,,,,,,,,,,,,,,,,,,,,,,,,,,,,,,,,,83,17,0.20481927710843373,,,,,,,,,,,,,,,,,,,,,,,,,,,,,,,,,,,,,,,,,,,,,,,,,,,,716,157,0.21927374301675978,,,,,,,,,,,,,,,,,,,,,0.04736842105263159,,
0.05991902834008098,0.1167192429022082,0.0950896336710834,opt-6.7b,0.04030501089324619,37-280-85-881,2_prompt,False,2,,,,,,,,,,,,,,,,,,,,,,,,,,,,,,,,,,2,0,0.0,,,,,,,,,,,,,,,,,,,,,,,,,,,,,,,,,,,,,,,,,,,,,,,,,,,,44,0,0.0,,,,,,,,,,,,,,,,,,,,,,,,,,,,,,,,,,,,,,,,,,,,,,,,,,,,30,0,0.0,,,,,,,,,,,,,,,,,,,,,,,,,,,,,,,,,,,,,,,,,,,,,,,,,,,,5,1,0.2,,,,,,,,,,,,,,,,,,,,,,,,,,,,,,,,,,,,,,,,,,,,,,,,,,,,75,3,0.04,,,,,,,,,,,,,,,,,,,,,,,,,,,,,,,,,,,,,,,,,,,,,,,,,,,,7,0,0.0,,,,,,,,,,,,,,,,,,,,,,,,,,,,,,,,,,,,,,,,,,,,,,,,,,,,3,0,0.0,,,,,,,,,,,,,,,,,,,,,,,,,,,,,,,,,,,,,,,,,,,,,,,,,,,,46,1,0.021739130434782608,,,,,,,,,,,,,,,,,,,,,,,,,,,,,,,,,,,,,,,,,,,,,,,,,,,,12,0,0.0,,,,,,,,,,,,,,,,,,,,,,,,,,,,,,,,,,,,,,,,,,,,,,,,,,,,1,0,0.0,,,,,,,,,,,,,,,,,,,,,,,,,,,,,,,,,,,,,,,,,,,,,,,,,,,,9,0,0.0,,,,,,,,,,,,,,,,,,,,,,,,,,,,,,,,,,,,,,,,,,,,,,,,,,,,83,32,0.3855421686746988,,,,,,,,,,,,,,,,,,,,,,,,,,,,,,,,,,,,,,,,,,,,,,,,,,,,716,85,0.11871508379888268,,,,,,,,,,,,,,,,,,,,,0.05991902834008098,,
0.19487179487179485,0.23974763406940064,0.44424778761061945,opt-6.7b,0.16414686825053995,76-241-426-387,2_prompt,False,1,,,,,,,,,,,,,,,,,,,,,,,,,,,,,,,,,,2,0,0.0,,,,,,,,,,,,,,,,,,,,,,,,,,,,,,,,,,,,,,,,,,,,,,,,,,,,44,8,0.18181818181818182,,,,,,,,,,,,,,,,,,,,,,,,,,,,,,,,,,,,,,,,,,,,,,,,,,,,30,4,0.13333333333333333,,,,,,,,,,,,,,,,,,,,,,,,,,,,,,,,,,,,,,,,,,,,,,,,,,,,5,1,0.2,,,,,,,,,,,,,,,,,,,,,,,,,,,,,,,,,,,,,,,,,,,,,,,,,,,,75,4,0.05333333333333334,,,,,,,,,,,,,,,,,,,,,,,,,,,,,,,,,,,,,,,,,,,,,,,,,,,,7,0,0.0,,,,,,,,,,,,,,,,,,,,,,,,,,,,,,,,,,,,,,,,,,,,,,,,,,,,3,0,0.0,,,,,,,,,,,,,,,,,,,,,,,,,,,,,,,,,,,,,,,,,,,,,,,,,,,,46,0,0.0,,,,,,,,,,,,,,,,,,,,,,,,,,,,,,,,,,,,,,,,,,,,,,,,,,,,12,0,0.0,,,,,,,,,,,,,,,,,,,,,,,,,,,,,,,,,,,,,,,,,,,,,,,,,,,,1,0,0.0,,,,,,,,,,,,,,,,,,,,,,,,,,,,,,,,,,,,,,,,,,,,,,,,,,,,9,0,0.0,,,,,,,,,,,,,,,,,,,,,,,,,,,,,,,,,,,,,,,,,,,,,,,,,,,,83,59,0.7108433734939759,,,,,,,,,,,,,,,,,,,,,,,,,,,,,,,,,,,,,,,,,,,,,,,,,,,,716,426,0.5949720670391061,,,,,,,,,,,,,,,,,,,,,0.19487179487179485,,
0.018750000000000003,0.00946372239747634,0.6960309777347532,opt-6.7b,1.0,3-314-716-0,2_prompt,False,0,,,,,,,,,,,,,,,,,,,,,,,,,,,,,,,,,,2,0,0.0,,,,,,,,,,,,,,,,,,,,,,,,,,,,,,,,,,,,,,,,,,,,,,,,,,,,44,0,0.0,,,,,,,,,,,,,,,,,,,,,,,,,,,,,,,,,,,,,,,,,,,,,,,,,,,,30,0,0.0,,,,,,,,,,,,,,,,,,,,,,,,,,,,,,,,,,,,,,,,,,,,,,,,,,,,5,0,0.0,,,,,,,,,,,,,,,,,,,,,,,,,,,,,,,,,,,,,,,,,,,,,,,,,,,,75,0,0.0,,,,,,,,,,,,,,,,,,,,,,,,,,,,,,,,,,,,,,,,,,,,,,,,,,,,7,0,0.0,,,,,,,,,,,,,,,,,,,,,,,,,,,,,,,,,,,,,,,,,,,,,,,,,,,,3,0,0.0,,,,,,,,,,,,,,,,,,,,,,,,,,,,,,,,,,,,,,,,,,,,,,,,,,,,46,0,0.0,,,,,,,,,,,,,,,,,,,,,,,,,,,,,,,,,,,,,,,,,,,,,,,,,,,,12,0,0.0,,,,,,,,,,,,,,,,,,,,,,,,,,,,,,,,,,,,,,,,,,,,,,,,,,,,1,0,0.0,,,,,,,,,,,,,,,,,,,,,,,,,,,,,,,,,,,,,,,,,,,,,,,,,,,,9,0,0.0,,,,,,,,,,,,,,,,,,,,,,,,,,,,,,,,,,,,,,,,,,,,,,,,,,,,83,3,0.03614457831325301,,,,,,,,,,,,,,,,,,,,,,,,,,,,,,,,,,,,,,,,,,,,,,,,,,,,716,716,1.0,,,,,,,,,,,,,,,,,,,,,0.018750000000000003,,
0.1286549707602339,0.277602523659306,0.08728943338437979,opt-6.7b,0.08372978116079924,88-229-26-963,3_prompt,False,8,,,,,,,,,,,,,,,,,,,,,,,,,,,,,,,,,,,,,2,0,0.0,,,,,,,,,,,,,,,,,,,,,,,,,,,,,,,,,,,,,,,,,,,,,,,,,,,,44,6,0.13636363636363635,,,,,,,,,,,,,,,,,,,,,,,,,,,,,,,,,,,,,,,,,,,,,,,,,,,,30,5,0.16666666666666666,,,,,,,,,,,,,,,,,,,,,,,,,,,,,,,,,,,,,,,,,,,,,,,,,,,,5,1,0.2,,,,,,,,,,,,,,,,,,,,,,,,,,,,,,,,,,,,,,,,,,,,,,,,,,,,75,9,0.12,,,,,,,,,,,,,,,,,,,,,,,,,,,,,,,,,,,,,,,,,,,,,,,,,,,,7,0,0.0,,,,,,,,,,,,,,,,,,,,,,,,,,,,,,,,,,,,,,,,,,,,,,,,,,,,3,0,0.0,,,,,,,,,,,,,,,,,,,,,,,,,,,,,,,,,,,,,,,,,,,,,,,,,,,,46,1,0.021739130434782608,,,,,,,,,,,,,,,,,,,,,,,,,,,,,,,,,,,,,,,,,,,,,,,,,,,,12,0,0.0,,,,,,,,,,,,,,,,,,,,,,,,,,,,,,,,,,,,,,,,,,,,,,,,,,,,1,0,0.0,,,,,,,,,,,,,,,,,,,,,,,,,,,,,,,,,,,,,,,,,,,,,,,,,,,,9,0,0.0,,,,,,,,,,,,,,,,,,,,,,,,,,,,,,,,,,,,,,,,,,,,,,,,,,,,83,66,0.7951807228915663,,,,,,,,,,,,,,,,,,,,,,,,,,,,,,,,,,,,,,,,,,,,,,,,,,,,716,26,0.036312849162011177,,,,,,,,,,,,,,,,,,,0.1286549707602339,
0.11186696900982615,0.2334384858044164,0.07041139240506329,opt-6.7b,0.073558648111332,74-243-15-932,3_prompt,False,7,,,,,,,,,,,,,,,,,,,,,,,,,,,,,,,,,,,,,2,0,0.0,,,,,,,,,,,,,,,,,,,,,,,,,,,,,,,,,,,,,,,,,,,,,,,,,,,,44,3,0.06818181818181818,,,,,,,,,,,,,,,,,,,,,,,,,,,,,,,,,,,,,,,,,,,,,,,,,,,,30,1,0.03333333333333333,,,,,,,,,,,,,,,,,,,,,,,,,,,,,,,,,,,,,,,,,,,,,,,,,,,,5,1,0.2,,,,,,,,,,,,,,,,,,,,,,,,,,,,,,,,,,,,,,,,,,,,,,,,,,,,75,3,0.04,,,,,,,,,,,,,,,,,,,,,,,,,,,,,,,,,,,,,,,,,,,,,,,,,,,,7,0,0.0,,,,,,,,,,,,,,,,,,,,,,,,,,,,,,,,,,,,,,,,,,,,,,,,,,,,3,0,0.0,,,,,,,,,,,,,,,,,,,,,,,,,,,,,,,,,,,,,,,,,,,,,,,,,,,,46,3,0.06521739130434782,,,,,,,,,,,,,,,,,,,,,,,,,,,,,,,,,,,,,,,,,,,,,,,,,,,,12,0,0.0,,,,,,,,,,,,,,,,,,,,,,,,,,,,,,,,,,,,,,,,,,,,,,,,,,,,1,0,0.0,,,,,,,,,,,,,,,,,,,,,,,,,,,,,,,,,,,,,,,,,,,,,,,,,,,,9,0,0.0,,,,,,,,,,,,,,,,,,,,,,,,,,,,,,,,,,,,,,,,,,,,,,,,,,,,83,63,0.7590361445783133,,,,,,,,,,,,,,,,,,,,,,,,,,,,,,,,,,,,,,,,,,,,,,,,,,,,716,15,0.02094972067039106,,,,,,,,,,,,,,,,,,,0.11186696900982615,
0.10190114068441065,0.2113564668769716,0.0626984126984127,opt-6.7b,0.06713426853707415,67-250-12-931,3_prompt,False,6,,,,,,,,,,,,,,,,,,,,,,,,,,,,,,,,,,,,,2,0,0.0,,,,,,,,,,,,,,,,,,,,,,,,,,,,,,,,,,,,,,,,,,,,,,,,,,,,44,2,0.045454545454545456,,,,,,,,,,,,,,,,,,,,,,,,,,,,,,,,,,,,,,,,,,,,,,,,,,,,30,1,0.03333333333333333,,,,,,,,,,,,,,,,,,,,,,,,,,,,,,,,,,,,,,,,,,,,,,,,,,,,5,1,0.2,,,,,,,,,,,,,,,,,,,,,,,,,,,,,,,,,,,,,,,,,,,,,,,,,,,,75,4,0.05333333333333334,,,,,,,,,,,,,,,,,,,,,,,,,,,,,,,,,,,,,,,,,,,,,,,,,,,,7,0,0.0,,,,,,,,,,,,,,,,,,,,,,,,,,,,,,,,,,,,,,,,,,,,,,,,,,,,3,0,0.0,,,,,,,,,,,,,,,,,,,,,,,,,,,,,,,,,,,,,,,,,,,,,,,,,,,,46,3,0.06521739130434782,,,,,,,,,,,,,,,,,,,,,,,,,,,,,,,,,,,,,,,,,,,,,,,,,,,,12,0,0.0,,,,,,,,,,,,,,,,,,,,,,,,,,,,,,,,,,,,,,,,,,,,,,,,,,,,1,0,0.0,,,,,,,,,,,,,,,,,,,,,,,,,,,,,,,,,,,,,,,,,,,,,,,,,,,,9,0,0.0,,,,,,,,,,,,,,,,,,,,,,,,,,,,,,,,,,,,,,,,,,,,,,,,,,,,83,56,0.6746987951807228,,,,,,,,,,,,,,,,,,,,,,,,,,,,,,,,,,,,,,,,,,,,,,,,,,,,716,12,0.01675977653631285,,,,,,,,,,,,,,,,,,,0.10190114068441065,
0.12102404965089217,0.24605678233438485,0.08629032258064516,opt-6.7b,0.08024691358024691,78-239-29-894,3_prompt,False,5,,,,,,,,,,,,,,,,,,,,,,,,,,,,,,,,,,,,,2,0,0.0,,,,,,,,,,,,,,,,,,,,,,,,,,,,,,,,,,,,,,,,,,,,,,,,,,,,44,4,0.09090909090909091,,,,,,,,,,,,,,,,,,,,,,,,,,,,,,,,,,,,,,,,,,,,,,,,,,,,30,1,0.03333333333333333,,,,,,,,,,,,,,,,,,,,,,,,,,,,,,,,,,,,,,,,,,,,,,,,,,,,5,1,0.2,,,,,,,,,,,,,,,,,,,,,,,,,,,,,,,,,,,,,,,,,,,,,,,,,,,,75,9,0.12,,,,,,,,,,,,,,,,,,,,,,,,,,,,,,,,,,,,,,,,,,,,,,,,,,,,7,0,0.0,,,,,,,,,,,,,,,,,,,,,,,,,,,,,,,,,,,,,,,,,,,,,,,,,,,,3,0,0.0,,,,,,,,,,,,,,,,,,,,,,,,,,,,,,,,,,,,,,,,,,,,,,,,,,,,46,3,0.06521739130434782,,,,,,,,,,,,,,,,,,,,,,,,,,,,,,,,,,,,,,,,,,,,,,,,,,,,12,0,0.0,,,,,,,,,,,,,,,,,,,,,,,,,,,,,,,,,,,,,,,,,,,,,,,,,,,,1,0,0.0,,,,,,,,,,,,,,,,,,,,,,,,,,,,,,,,,,,,,,,,,,,,,,,,,,,,9,0,0.0,,,,,,,,,,,,,,,,,,,,,,,,,,,,,,,,,,,,,,,,,,,,,,,,,,,,83,60,0.7228915662650602,,,,,,,,,,,,,,,,,,,,,,,,,,,,,,,,,,,,,,,,,,,,,,,,,,,,716,29,0.040502793296089384,,,,,,,,,,,,,,,,,,,0.12102404965089217,
0.09895052473763119,0.2082018927444795,0.08662613981762918,opt-6.7b,0.06489675516224189,66-251-48-951,3_prompt,False,4,,,,,,,,,,,,,,,,,,,,,,,,,,,,,,,,,,,,,2,0,0.0,,,,,,,,,,,,,,,,,,,,,,,,,,,,,,,,,,,,,,,,,,,,,,,,,,,,44,0,0.0,,,,,,,,,,,,,,,,,,,,,,,,,,,,,,,,,,,,,,,,,,,,,,,,,,,,30,0,0.0,,,,,,,,,,,,,,,,,,,,,,,,,,,,,,,,,,,,,,,,,,,,,,,,,,,,5,1,0.2,,,,,,,,,,,,,,,,,,,,,,,,,,,,,,,,,,,,,,,,,,,,,,,,,,,,75,3,0.04,,,,,,,,,,,,,,,,,,,,,,,,,,,,,,,,,,,,,,,,,,,,,,,,,,,,7,0,0.0,,,,,,,,,,,,,,,,,,,,,,,,,,,,,,,,,,,,,,,,,,,,,,,,,,,,3,0,0.0,,,,,,,,,,,,,,,,,,,,,,,,,,,,,,,,,,,,,,,,,,,,,,,,,,,,46,3,0.06521739130434782,,,,,,,,,,,,,,,,,,,,,,,,,,,,,,,,,,,,,,,,,,,,,,,,,,,,12,0,0.0,,,,,,,,,,,,,,,,,,,,,,,,,,,,,,,,,,,,,,,,,,,,,,,,,,,,1,0,0.0,,,,,,,,,,,,,,,,,,,,,,,,,,,,,,,,,,,,,,,,,,,,,,,,,,,,9,0,0.0,,,,,,,,,,,,,,,,,,,,,,,,,,,,,,,,,,,,,,,,,,,,,,,,,,,,83,59,0.7108433734939759,,,,,,,,,,,,,,,,,,,,,,,,,,,,,,,,,,,,,,,,,,,,,,,,,,,,716,48,0.0670391061452514,,,,,,,,,,,,,,,,,,,0.09895052473763119,
0.06542882404951371,0.1167192429022082,0.16442687747035573,opt-6.7b,0.045454545454545456,37-280-171-777,3_prompt,False,3,,,,,,,,,,,,,,,,,,,,,,,,,,,,,,,,,,,,,2,0,0.0,,,,,,,,,,,,,,,,,,,,,,,,,,,,,,,,,,,,,,,,,,,,,,,,,,,,44,0,0.0,,,,,,,,,,,,,,,,,,,,,,,,,,,,,,,,,,,,,,,,,,,,,,,,,,,,30,0,0.0,,,,,,,,,,,,,,,,,,,,,,,,,,,,,,,,,,,,,,,,,,,,,,,,,,,,5,2,0.4,,,,,,,,,,,,,,,,,,,,,,,,,,,,,,,,,,,,,,,,,,,,,,,,,,,,75,2,0.02666666666666667,,,,,,,,,,,,,,,,,,,,,,,,,,,,,,,,,,,,,,,,,,,,,,,,,,,,7,0,0.0,,,,,,,,,,,,,,,,,,,,,,,,,,,,,,,,,,,,,,,,,,,,,,,,,,,,3,0,0.0,,,,,,,,,,,,,,,,,,,,,,,,,,,,,,,,,,,,,,,,,,,,,,,,,,,,46,3,0.06521739130434782,,,,,,,,,,,,,,,,,,,,,,,,,,,,,,,,,,,,,,,,,,,,,,,,,,,,12,0,0.0,,,,,,,,,,,,,,,,,,,,,,,,,,,,,,,,,,,,,,,,,,,,,,,,,,,,1,0,0.0,,,,,,,,,,,,,,,,,,,,,,,,,,,,,,,,,,,,,,,,,,,,,,,,,,,,9,0,0.0,,,,,,,,,,,,,,,,,,,,,,,,,,,,,,,,,,,,,,,,,,,,,,,,,,,,83,30,0.3614457831325301,,,,,,,,,,,,,,,,,,,,,,,,,,,,,,,,,,,,,,,,,,,,,,,,,,,,716,171,0.2388268156424581,,,,,,,,,,,,,,,,,,,0.06542882404951371,
0.06973058637083994,0.138801261829653,0.09831029185867896,opt-6.7b,0.04656084656084656,44-273-84-901,3_prompt,False,2,,,,,,,,,,,,,,,,,,,,,,,,,,,,,,,,,,,,,2,0,0.0,,,,,,,,,,,,,,,,,,,,,,,,,,,,,,,,,,,,,,,,,,,,,,,,,,,,44,0,0.0,,,,,,,,,,,,,,,,,,,,,,,,,,,,,,,,,,,,,,,,,,,,,,,,,,,,30,0,0.0,,,,,,,,,,,,,,,,,,,,,,,,,,,,,,,,,,,,,,,,,,,,,,,,,,,,5,1,0.2,,,,,,,,,,,,,,,,,,,,,,,,,,,,,,,,,,,,,,,,,,,,,,,,,,,,75,1,0.013333333333333334,,,,,,,,,,,,,,,,,,,,,,,,,,,,,,,,,,,,,,,,,,,,,,,,,,,,7,0,0.0,,,,,,,,,,,,,,,,,,,,,,,,,,,,,,,,,,,,,,,,,,,,,,,,,,,,3,0,0.0,,,,,,,,,,,,,,,,,,,,,,,,,,,,,,,,,,,,,,,,,,,,,,,,,,,,46,1,0.021739130434782608,,,,,,,,,,,,,,,,,,,,,,,,,,,,,,,,,,,,,,,,,,,,,,,,,,,,12,0,0.0,,,,,,,,,,,,,,,,,,,,,,,,,,,,,,,,,,,,,,,,,,,,,,,,,,,,1,0,0.0,,,,,,,,,,,,,,,,,,,,,,,,,,,,,,,,,,,,,,,,,,,,,,,,,,,,9,0,0.0,,,,,,,,,,,,,,,,,,,,,,,,,,,,,,,,,,,,,,,,,,,,,,,,,,,,83,41,0.4939759036144578,,,,,,,,,,,,,,,,,,,,,,,,,,,,,,,,,,,,,,,,,,,,,,,,,,,,716,84,0.11731843575418995,,,,,,,,,,,,,,,,,,,0.06973058637083994,
0.20854021847070506,0.3191489361702128,0.3588093322606597,opt-6.7b,0.15486725663716813,105-224-341-573,3_prompt,False,1,,,,,,,,,,,,,,,,,,,,,,,,,,,,,,,,,,,,,2,0,0.0,,,,,,,,,,,,,,,,,,,,,,,,,,,,,,,,,,,,,,,,,,,,,,,,,,,,44,10,0.22727272727272727,,,,,,,,,,,,,,,,,,,,,,,,,,,,,,,,,,,,,,,,,,,,,,,,,,,,30,4,0.13333333333333333,,,,,,,,,,,,,,,,,,,,,,,,,,,,,,,,,,,,,,,,,,,,,,,,,,,,5,1,0.2,,,,,,,,,,,,,,,,,,,,,,,,,,,,,,,,,,,,,,,,,,,,,,,,,,,,75,7,0.09333333333333334,,,,,,,,,,,,,,,,,,,,,,,,,,,,,,,,,,,,,,,,,,,,,,,,,,,,7,0,0.0,,,,,,,,,,,,,,,,,,,,,,,,,,,,,,,,,,,,,,,,,,,,,,,,,,,,3,0,0.0,,,,,,,,,,,,,,,,,,,,,,,,,,,,,,,,,,,,,,,,,,,,,,,,,,,,46,0,0.0,,,,,,,,,,,,,,,,,,,,,,,,,,,,,,,,,,,,,,,,,,,,,,,,,,,,12,0,0.0,,,,,,,,,,,,,,,,,,,,,,,,,,,,,,,,,,,,,,,,,,,,,,,,,,,,1,0,0.0,,,,,,,,,,,,,,,,,,,,,,,,,,,,,,,,,,,,,,,,,,,,,,,,,,,,9,0,0.0,,,,,,,,,,,,,,,,,,,,,,,,,,,,,,,,,,,,,,,,,,,,,,,,,,,,83,83,1.0,,,,,,,,,,,,,,,,,,,,,,,,,,,,,,,,,,,,,,,,,,,,,,,,,,,,716,341,0.4762569832402235,,,,,,,,,,,,,,,,,,,0.20854021847070506,
0.006289308176100629,0.0031545741324921135,0.6940948693126815,opt-6.7b,1.0,1-316-716-0,3_prompt,False,0,,,,,,,,,,,,,,,,,,,,,,,,,,,,,,,,,,,,,2,0,0.0,,,,,,,,,,,,,,,,,,,,,,,,,,,,,,,,,,,,,,,,,,,,,,,,,,,,44,0,0.0,,,,,,,,,,,,,,,,,,,,,,,,,,,,,,,,,,,,,,,,,,,,,,,,,,,,30,0,0.0,,,,,,,,,,,,,,,,,,,,,,,,,,,,,,,,,,,,,,,,,,,,,,,,,,,,5,0,0.0,,,,,,,,,,,,,,,,,,,,,,,,,,,,,,,,,,,,,,,,,,,,,,,,,,,,75,0,0.0,,,,,,,,,,,,,,,,,,,,,,,,,,,,,,,,,,,,,,,,,,,,,,,,,,,,7,0,0.0,,,,,,,,,,,,,,,,,,,,,,,,,,,,,,,,,,,,,,,,,,,,,,,,,,,,3,0,0.0,,,,,,,,,,,,,,,,,,,,,,,,,,,,,,,,,,,,,,,,,,,,,,,,,,,,46,0,0.0,,,,,,,,,,,,,,,,,,,,,,,,,,,,,,,,,,,,,,,,,,,,,,,,,,,,12,0,0.0,,,,,,,,,,,,,,,,,,,,,,,,,,,,,,,,,,,,,,,,,,,,,,,,,,,,1,0,0.0,,,,,,,,,,,,,,,,,,,,,,,,,,,,,,,,,,,,,,,,,,,,,,,,,,,,9,0,0.0,,,,,,,,,,,,,,,,,,,,,,,,,,,,,,,,,,,,,,,,,,,,,,,,,,,,83,1,0.012048192771084338,,,,,,,,,,,,,,,,,,,,,,,,,,,,,,,,,,,,,,,,,,,,,,,,,,,,716,716,1.0,,,,,,,,,,,,,,,,,,,0.006289308176100629,
0.1551590380139643,0.31545741324921134,0.11821862348178137,opt-6.7b,0.102880658436214,100-217-46-872,1_prompt,False,8,,,,,,,,,,,,,,,,,,,,,,,,,,,,,,,2,0,0.0,,,,,,,,,,,,,,,,,,,,,,,,,,,,,,,,,,,,,,,,,,,,,,,,,,,,44,9,0.20454545454545456,,,,,,,,,,,,,,,,,,,,,,,,,,,,,,,,,,,,,,,,,,,,,,,,,,,,30,8,0.26666666666666666,,,,,,,,,,,,,,,,,,,,,,,,,,,,,,,,,,,,,,,,,,,,,,,,,,,,5,1,0.2,,,,,,,,,,,,,,,,,,,,,,,,,,,,,,,,,,,,,,,,,,,,,,,,,,,,75,17,0.22666666666666666,,,,,,,,,,,,,,,,,,,,,,,,,,,,,,,,,,,,,,,,,,,,,,,,,,,,7,0,0.0,,,,,,,,,,,,,,,,,,,,,,,,,,,,,,,,,,,,,,,,,,,,,,,,,,,,3,0,0.0,,,,,,,,,,,,,,,,,,,,,,,,,,,,,,,,,,,,,,,,,,,,,,,,,,,,46,6,0.13043478260869565,,,,,,,,,,,,,,,,,,,,,,,,,,,,,,,,,,,,,,,,,,,,,,,,,,,,12,0,0.0,,,,,,,,,,,,,,,,,,,,,,,,,,,,,,,,,,,,,,,,,,,,,,,,,,,,1,0,0.0,,,,,,,,,,,,,,,,,,,,,,,,,,,,,,,,,,,,,,,,,,,,,,,,,,,,9,0,0.0,,,,,,,,,,,,,,,,,,,,,,,,,,,,,,,,,,,,,,,,,,,,,,,,,,,,83,59,0.7108433734939759,,,,,,,,,,,,,,,,,,,,,,,,,,,,,,,,,,,,,,,,,,,,,,,,,,,,716,46,0.06424581005586592,,,,,,,,,,,,,,,,,,,,,,,,,,0.1551590380139643
0.1014832162373146,0.20504731861198738,0.072522159548751,opt-6.7b,0.06742738589211618,65-252-25-899,1_prompt,False,7,,,,,,,,,,,,,,,,,,,,,,,,,,,,,,,2,0,0.0,,,,,,,,,,,,,,,,,,,,,,,,,,,,,,,,,,,,,,,,,,,,,,,,,,,,44,1,0.022727272727272728,,,,,,,,,,,,,,,,,,,,,,,,,,,,,,,,,,,,,,,,,,,,,,,,,,,,30,1,0.03333333333333333,,,,,,,,,,,,,,,,,,,,,,,,,,,,,,,,,,,,,,,,,,,,,,,,,,,,5,1,0.2,,,,,,,,,,,,,,,,,,,,,,,,,,,,,,,,,,,,,,,,,,,,,,,,,,,,75,5,0.06666666666666667,,,,,,,,,,,,,,,,,,,,,,,,,,,,,,,,,,,,,,,,,,,,,,,,,,,,7,0,0.0,,,,,,,,,,,,,,,,,,,,,,,,,,,,,,,,,,,,,,,,,,,,,,,,,,,,3,0,0.0,,,,,,,,,,,,,,,,,,,,,,,,,,,,,,,,,,,,,,,,,,,,,,,,,,,,46,3,0.06521739130434782,,,,,,,,,,,,,,,,,,,,,,,,,,,,,,,,,,,,,,,,,,,,,,,,,,,,12,0,0.0,,,,,,,,,,,,,,,,,,,,,,,,,,,,,,,,,,,,,,,,,,,,,,,,,,,,1,0,0.0,,,,,,,,,,,,,,,,,,,,,,,,,,,,,,,,,,,,,,,,,,,,,,,,,,,,9,0,0.0,,,,,,,,,,,,,,,,,,,,,,,,,,,,,,,,,,,,,,,,,,,,,,,,,,,,83,54,0.6506024096385542,,,,,,,,,,,,,,,,,,,,,,,,,,,,,,,,,,,,,,,,,,,,,,,,,,,,716,25,0.034916201117318434,,,,,,,,,,,,,,,,,,,,,,,,,,0.1014832162373146
0.0932009167303285,0.19242902208201892,0.05868358445678033,opt-6.7b,0.06149193548387097,61-256-13-931,1_prompt,False,6,,,,,,,,,,,,,,,,,,,,,,,,,,,,,,,2,0,0.0,,,,,,,,,,,,,,,,,,,,,,,,,,,,,,,,,,,,,,,,,,,,,,,,,,,,44,1,0.022727272727272728,,,,,,,,,,,,,,,,,,,,,,,,,,,,,,,,,,,,,,,,,,,,,,,,,,,,30,1,0.03333333333333333,,,,,,,,,,,,,,,,,,,,,,,,,,,,,,,,,,,,,,,,,,,,,,,,,,,,5,1,0.2,,,,,,,,,,,,,,,,,,,,,,,,,,,,,,,,,,,,,,,,,,,,,,,,,,,,75,3,0.04,,,,,,,,,,,,,,,,,,,,,,,,,,,,,,,,,,,,,,,,,,,,,,,,,,,,7,0,0.0,,,,,,,,,,,,,,,,,,,,,,,,,,,,,,,,,,,,,,,,,,,,,,,,,,,,3,0,0.0,,,,,,,,,,,,,,,,,,,,,,,,,,,,,,,,,,,,,,,,,,,,,,,,,,,,46,4,0.08695652173913043,,,,,,,,,,,,,,,,,,,,,,,,,,,,,,,,,,,,,,,,,,,,,,,,,,,,12,0,0.0,,,,,,,,,,,,,,,,,,,,,,,,,,,,,,,,,,,,,,,,,,,,,,,,,,,,1,0,0.0,,,,,,,,,,,,,,,,,,,,,,,,,,,,,,,,,,,,,,,,,,,,,,,,,,,,9,1,0.1111111111111111,,,,,,,,,,,,,,,,,,,,,,,,,,,,,,,,,,,,,,,,,,,,,,,,,,,,83,50,0.6024096385542169,,,,,,,,,,,,,,,,,,,,,,,,,,,,,,,,,,,,,,,,,,,,,,,,,,,,716,13,0.018156424581005588,,,,,,,,,,,,,,,,,,,,,,,,,,0.0932009167303285
0.11517509727626458,0.2334384858044164,0.08454106280193237,opt-6.7b,0.07644628099173553,74-243-31-894,1_prompt,False,5,,,,,,,,,,,,,,,,,,,,,,,,,,,,,,,2,0,0.0,,,,,,,,,,,,,,,,,,,,,,,,,,,,,,,,,,,,,,,,,,,,,,,,,,,,44,2,0.045454545454545456,,,,,,,,,,,,,,,,,,,,,,,,,,,,,,,,,,,,,,,,,,,,,,,,,,,,30,3,0.1,,,,,,,,,,,,,,,,,,,,,,,,,,,,,,,,,,,,,,,,,,,,,,,,,,,,5,1,0.2,,,,,,,,,,,,,,,,,,,,,,,,,,,,,,,,,,,,,,,,,,,,,,,,,,,,75,7,0.09333333333333334,,,,,,,,,,,,,,,,,,,,,,,,,,,,,,,,,,,,,,,,,,,,,,,,,,,,7,0,0.0,,,,,,,,,,,,,,,,,,,,,,,,,,,,,,,,,,,,,,,,,,,,,,,,,,,,3,0,0.0,,,,,,,,,,,,,,,,,,,,,,,,,,,,,,,,,,,,,,,,,,,,,,,,,,,,46,5,0.10869565217391304,,,,,,,,,,,,,,,,,,,,,,,,,,,,,,,,,,,,,,,,,,,,,,,,,,,,12,0,0.0,,,,,,,,,,,,,,,,,,,,,,,,,,,,,,,,,,,,,,,,,,,,,,,,,,,,1,0,0.0,,,,,,,,,,,,,,,,,,,,,,,,,,,,,,,,,,,,,,,,,,,,,,,,,,,,9,0,0.0,,,,,,,,,,,,,,,,,,,,,,,,,,,,,,,,,,,,,,,,,,,,,,,,,,,,83,56,0.6746987951807228,,,,,,,,,,,,,,,,,,,,,,,,,,,,,,,,,,,,,,,,,,,,,,,,,,,,716,31,0.04329608938547486,,,,,,,,,,,,,,,,,,,,,,,,,,0.11517509727626458
0.09941520467836258,0.21451104100946372,0.07088989441930618,opt-6.7b,0.06470028544243578,68-249-26-983,1_prompt,False,4,,,,,,,,,,,,,,,,,,,,,,,,,,,,,,,2,0,0.0,,,,,,,,,,,,,,,,,,,,,,,,,,,,,,,,,,,,,,,,,,,,,,,,,,,,44,0,0.0,,,,,,,,,,,,,,,,,,,,,,,,,,,,,,,,,,,,,,,,,,,,,,,,,,,,30,2,0.06666666666666667,,,,,,,,,,,,,,,,,,,,,,,,,,,,,,,,,,,,,,,,,,,,,,,,,,,,5,2,0.4,,,,,,,,,,,,,,,,,,,,,,,,,,,,,,,,,,,,,,,,,,,,,,,,,,,,75,4,0.05333333333333334,,,,,,,,,,,,,,,,,,,,,,,,,,,,,,,,,,,,,,,,,,,,,,,,,,,,7,0,0.0,,,,,,,,,,,,,,,,,,,,,,,,,,,,,,,,,,,,,,,,,,,,,,,,,,,,3,0,0.0,,,,,,,,,,,,,,,,,,,,,,,,,,,,,,,,,,,,,,,,,,,,,,,,,,,,46,4,0.08695652173913043,,,,,,,,,,,,,,,,,,,,,,,,,,,,,,,,,,,,,,,,,,,,,,,,,,,,12,0,0.0,,,,,,,,,,,,,,,,,,,,,,,,,,,,,,,,,,,,,,,,,,,,,,,,,,,,1,0,0.0,,,,,,,,,,,,,,,,,,,,,,,,,,,,,,,,,,,,,,,,,,,,,,,,,,,,9,0,0.0,,,,,,,,,,,,,,,,,,,,,,,,,,,,,,,,,,,,,,,,,,,,,,,,,,,,83,56,0.6746987951807228,,,,,,,,,,,,,,,,,,,,,,,,,,,,,,,,,,,,,,,,,,,,,,,,,,,,716,26,0.036312849162011177,,,,,,,,,,,,,,,,,,,,,,,,,,0.09941520467836258
0.04503753127606338,0.08517350157728706,0.10196078431372549,opt-6.7b,0.030612244897959183,27-290-103-855,1_prompt,False,3,,,,,,,,,,,,,,,,,,,,,,,,,,,,,,,2,0,0.0,,,,,,,,,,,,,,,,,,,,,,,,,,,,,,,,,,,,,,,,,,,,,,,,,,,,44,0,0.0,,,,,,,,,,,,,,,,,,,,,,,,,,,,,,,,,,,,,,,,,,,,,,,,,,,,30,0,0.0,,,,,,,,,,,,,,,,,,,,,,,,,,,,,,,,,,,,,,,,,,,,,,,,,,,,5,2,0.4,,,,,,,,,,,,,,,,,,,,,,,,,,,,,,,,,,,,,,,,,,,,,,,,,,,,75,3,0.04,,,,,,,,,,,,,,,,,,,,,,,,,,,,,,,,,,,,,,,,,,,,,,,,,,,,7,0,0.0,,,,,,,,,,,,,,,,,,,,,,,,,,,,,,,,,,,,,,,,,,,,,,,,,,,,3,0,0.0,,,,,,,,,,,,,,,,,,,,,,,,,,,,,,,,,,,,,,,,,,,,,,,,,,,,46,6,0.13043478260869565,,,,,,,,,,,,,,,,,,,,,,,,,,,,,,,,,,,,,,,,,,,,,,,,,,,,12,0,0.0,,,,,,,,,,,,,,,,,,,,,,,,,,,,,,,,,,,,,,,,,,,,,,,,,,,,1,0,0.0,,,,,,,,,,,,,,,,,,,,,,,,,,,,,,,,,,,,,,,,,,,,,,,,,,,,9,0,0.0,,,,,,,,,,,,,,,,,,,,,,,,,,,,,,,,,,,,,,,,,,,,,,,,,,,,83,16,0.1927710843373494,,,,,,,,,,,,,,,,,,,,,,,,,,,,,,,,,,,,,,,,,,,,,,,,,,,,716,103,0.14385474860335196,,,,,,,,,,,,,,,,,,,,,,,,,,0.04503753127606338
0.06265060240963856,0.12302839116719243,0.09253499222395023,opt-6.7b,0.04202586206896552,39-278-80-889,1_prompt,False,2,,,,,,,,,,,,,,,,,,,,,,,,,,,,,,,2,0,0.0,,,,,,,,,,,,,,,,,,,,,,,,,,,,,,,,,,,,,,,,,,,,,,,,,,,,44,0,0.0,,,,,,,,,,,,,,,,,,,,,,,,,,,,,,,,,,,,,,,,,,,,,,,,,,,,30,1,0.03333333333333333,,,,,,,,,,,,,,,,,,,,,,,,,,,,,,,,,,,,,,,,,,,,,,,,,,,,5,1,0.2,,,,,,,,,,,,,,,,,,,,,,,,,,,,,,,,,,,,,,,,,,,,,,,,,,,,75,1,0.013333333333333334,,,,,,,,,,,,,,,,,,,,,,,,,,,,,,,,,,,,,,,,,,,,,,,,,,,,7,0,0.0,,,,,,,,,,,,,,,,,,,,,,,,,,,,,,,,,,,,,,,,,,,,,,,,,,,,3,0,0.0,,,,,,,,,,,,,,,,,,,,,,,,,,,,,,,,,,,,,,,,,,,,,,,,,,,,46,1,0.021739130434782608,,,,,,,,,,,,,,,,,,,,,,,,,,,,,,,,,,,,,,,,,,,,,,,,,,,,12,0,0.0,,,,,,,,,,,,,,,,,,,,,,,,,,,,,,,,,,,,,,,,,,,,,,,,,,,,1,0,0.0,,,,,,,,,,,,,,,,,,,,,,,,,,,,,,,,,,,,,,,,,,,,,,,,,,,,9,0,0.0,,,,,,,,,,,,,,,,,,,,,,,,,,,,,,,,,,,,,,,,,,,,,,,,,,,,83,35,0.42168674698795183,,,,,,,,,,,,,,,,,,,,,,,,,,,,,,,,,,,,,,,,,,,,,,,,,,,,716,80,0.11173184357541899,,,,,,,,,,,,,,,,,,,,,,,,,,0.06265060240963856
0.22351233671988388,0.24290220820189273,0.5167118337850045,opt-6.7b,0.20698924731182797,77-240-495-295,1_prompt,False,1,,,,,,,,,,,,,,,,,,,,,,,,,,,,,,,2,0,0.0,,,,,,,,,,,,,,,,,,,,,,,,,,,,,,,,,,,,,,,,,,,,,,,,,,,,44,9,0.20454545454545456,,,,,,,,,,,,,,,,,,,,,,,,,,,,,,,,,,,,,,,,,,,,,,,,,,,,30,8,0.26666666666666666,,,,,,,,,,,,,,,,,,,,,,,,,,,,,,,,,,,,,,,,,,,,,,,,,,,,5,1,0.2,,,,,,,,,,,,,,,,,,,,,,,,,,,,,,,,,,,,,,,,,,,,,,,,,,,,75,5,0.06666666666666667,,,,,,,,,,,,,,,,,,,,,,,,,,,,,,,,,,,,,,,,,,,,,,,,,,,,7,0,0.0,,,,,,,,,,,,,,,,,,,,,,,,,,,,,,,,,,,,,,,,,,,,,,,,,,,,3,0,0.0,,,,,,,,,,,,,,,,,,,,,,,,,,,,,,,,,,,,,,,,,,,,,,,,,,,,46,0,0.0,,,,,,,,,,,,,,,,,,,,,,,,,,,,,,,,,,,,,,,,,,,,,,,,,,,,12,0,0.0,,,,,,,,,,,,,,,,,,,,,,,,,,,,,,,,,,,,,,,,,,,,,,,,,,,,1,0,0.0,,,,,,,,,,,,,,,,,,,,,,,,,,,,,,,,,,,,,,,,,,,,,,,,,,,,9,0,0.0,,,,,,,,,,,,,,,,,,,,,,,,,,,,,,,,,,,,,,,,,,,,,,,,,,,,83,54,0.6506024096385542,,,,,,,,,,,,,,,,,,,,,,,,,,,,,,,,,,,,,,,,,,,,,,,,,,,,716,495,0.6913407821229051,,,,,,,,,,,,,,,,,,,,,,,,,,0.22351233671988388
0.024615384615384612,0.012618296529968454,0.693719806763285,opt-6.7b,0.5,4-313-714-4,1_prompt,False,0,,,,,,,,,,,,,,,,,,,,,,,,,,,,,,,2,0,0.0,,,,,,,,,,,,,,,,,,,,,,,,,,,,,,,,,,,,,,,,,,,,,,,,,,,,44,0,0.0,,,,,,,,,,,,,,,,,,,,,,,,,,,,,,,,,,,,,,,,,,,,,,,,,,,,30,0,0.0,,,,,,,,,,,,,,,,,,,,,,,,,,,,,,,,,,,,,,,,,,,,,,,,,,,,5,0,0.0,,,,,,,,,,,,,,,,,,,,,,,,,,,,,,,,,,,,,,,,,,,,,,,,,,,,75,0,0.0,,,,,,,,,,,,,,,,,,,,,,,,,,,,,,,,,,,,,,,,,,,,,,,,,,,,7,0,0.0,,,,,,,,,,,,,,,,,,,,,,,,,,,,,,,,,,,,,,,,,,,,,,,,,,,,3,0,0.0,,,,,,,,,,,,,,,,,,,,,,,,,,,,,,,,,,,,,,,,,,,,,,,,,,,,46,0,0.0,,,,,,,,,,,,,,,,,,,,,,,,,,,,,,,,,,,,,,,,,,,,,,,,,,,,12,0,0.0,,,,,,,,,,,,,,,,,,,,,,,,,,,,,,,,,,,,,,,,,,,,,,,,,,,,1,0,0.0,,,,,,,,,,,,,,,,,,,,,,,,,,,,,,,,,,,,,,,,,,,,,,,,,,,,9,0,0.0,,,,,,,,,,,,,,,,,,,,,,,,,,,,,,,,,,,,,,,,,,,,,,,,,,,,83,4,0.04819277108433735,,,,,,,,,,,,,,,,,,,,,,,,,,,,,,,,,,,,,,,,,,,,,,,,,,,,716,714,0.9972067039106145,,,,,,,,,,,,,,,,,,,,,,,,,,0.024615384615384612
